Symbol,,
A,"Agilent Technologies, Inc.",Diagnostics & Research
AA,Alcoa Corporation,Aluminum
AACB,Artius II Acquisition Inc.,Shell Companies
AACG,ATA Creativity Global,Education & Training Services
AACI,Armada Acquisition Corp. II,Shell Companies
AACT,Ares Acquisition Corporation II,Shell Companies
AAL,American Airlines Group Inc.,Airlines
AAM,AA Mission Acquisition Corp.,Shell Companies
AAME,Atlantic American Corporation,Insurance - Life
AAMI,Acadian Asset Management Inc.,Asset Management
AAOI,"Applied Optoelectronics, Inc.",Communication Equipment
AAON,"AAON, Inc.",Building Products & Equipment
AAP,"Advance Auto Parts, Inc.",Auto Parts
AAPG,Ascentage Pharma Group International,Biotechnology
AAPL,Apple Inc.,Consumer Electronics
AARD,"Aardvark Therapeutics, Inc.",Biotechnology
AAT,"American Assets Trust, Inc.",REIT - Diversified
AB,AllianceBernstein Holding L.P.,Asset Management
ABAT,American Battery Technology Company,Other Industrial Metals & Mining
ABBV,AbbVie Inc.,Drug Manufacturers - General
ABCB,Ameris Bancorp,Banks - Regional
ABCL,AbCellera Biologics Inc.,Biotechnology
ABEO,Abeona Therapeutics Inc.,Biotechnology
ABEV,Ambev S.A.,Beverages - Brewers
ABG,"Asbury Automotive Group, Inc.",Auto & Truck Dealerships
ABL,"Abacus Global Management, Inc.",Insurance - Life
ABLV,Able View Global Inc.,Advertising Agencies
ABM,ABM Industries Incorporated,Specialty Business Services
ABNB,"Airbnb, Inc.",Travel Services
ABOS,"Acumen Pharmaceuticals, Inc.",Biotechnology
ABP,"Abpro Holdings, Inc.",Biotechnology
ABR,"Arbor Realty Trust, Inc.",REIT - Mortgage
ABSI,Absci Corporation,Biotechnology
ABT,Abbott Laboratories,Medical Devices
ABTS,Abits Group Inc.,Capital Markets
ABUS,Arbutus Biopharma Corporation,Biotechnology
ABVC,"ABVC BioPharma, Inc.",Biotechnology
ABVE,Above Food Ingredients Inc.,Packaged Foods
ABVX,ABIVAX Société Anonyme,Biotechnology
AC,"Associated Capital Group, Inc.",Asset Management
ACA,"Arcosa, Inc.",Engineering & Construction
ACAD,ACADIA Pharmaceuticals Inc.,Biotechnology
ACB,Aurora Cannabis Inc.,Drug Manufacturers - Specialty & Generic
ACCO,ACCO Brands Corporation,Business Equipment & Supplies
ACCS,ACCESS Newswire Inc.,Advertising Agencies
ACDC,ProFrac Holding Corp.,Oil & Gas Equipment & Services
ACEL,"Accel Entertainment, Inc.",Gambling
ACET,"Adicet Bio, Inc.",Biotechnology
ACGL,Arch Capital Group Ltd.,Insurance - Diversified
ACHC,"Acadia Healthcare Company, Inc.",Medical Care Facilities
ACHR,Archer Aviation Inc.,Aerospace & Defense
ACHV,"Achieve Life Sciences, Inc.",Biotechnology
ACI,"Albertsons Companies, Inc.",Grocery Stores
ACIC,American Coastal Insurance Corporation,Insurance - Property & Casualty
ACIU,AC Immune SA,Biotechnology
ACIW,"ACI Worldwide, Inc.",Software - Infrastructure
ACLS,"Axcelis Technologies, Inc.",Semiconductor Equipment & Materials
ACLX,"Arcellx, Inc.",Biotechnology
ACM,AECOM,Engineering & Construction
ACMR,"ACM Research, Inc.",Semiconductor Equipment & Materials
ACN,Accenture plc,Information Technology Services
ACNB,ACNB Corporation,Banks - Regional
ACNT,Ascent Industries Co.,Steel
ACOG,Alpha Cognition Inc.,Biotechnology
ACON,"Aclarion, Inc.",Health Information Services
ACR,ACRES Commercial Realty Corp.,REIT - Mortgage
ACRE,Ares Commercial Real Estate Corporation,REIT - Mortgage
ACRS,"Aclaris Therapeutics, Inc.",Biotechnology
ACRV,"Acrivon Therapeutics, Inc.",Biotechnology
ACT,"Enact Holdings, Inc.",Insurance - Specialty
ACTG,Acacia Research Corporation,Business Equipment & Supplies
ACTU,"Actuate Therapeutics, Inc.",Biotechnology
ACU,Acme United Corporation,Household & Personal Products
ACVA,ACV Auctions Inc.,Auto & Truck Dealerships
ACXP,"Acurx Pharmaceuticals, Inc.",Biotechnology
ADAG,Adagene Inc.,Biotechnology
ADAP,Adaptimmune Therapeutics plc,Biotechnology
ADBE,Adobe Inc.,Software - Application
ADC,Agree Realty Corporation,REIT - Retail
ADCT,ADC Therapeutics SA,Biotechnology
ADD,"Color Star Technology Co., Ltd.",Entertainment
ADEA,Adeia Inc.,Software - Application
ADGM,"Adagio Medical Holdings, Inc.",Medical Devices
ADI,"Analog Devices, Inc.",Semiconductors
ADIL,"Adial Pharmaceuticals, Inc.",Biotechnology
ADM,Archer-Daniels-Midland Company,Farm Products
ADMA,"ADMA Biologics, Inc.",Biotechnology
ADN,"Advent Technologies Holdings, Inc.",Electrical Equipment & Parts
ADNT,Adient plc,Auto Parts
ADP,"Automatic Data Processing, Inc.",Software - Application
ADPT,Adaptive Biotechnologies Corporation,Biotechnology
ADSE,ADS-TEC Energy PLC,Electrical Equipment & Parts
ADSK,"Autodesk, Inc.",Software - Application
ADT,ADT Inc.,Security & Protection Services
ADTN,"ADTRAN Holdings, Inc.",Communication Equipment
ADTX,"Aditxt, Inc.",Biotechnology
ADUR,Aduro Clean Technologies Inc.,Pollution & Treatment Controls
ADUS,Addus HomeCare Corporation,Medical Care Facilities
ADV,Advantage Solutions Inc.,Advertising Agencies
ADVB,Advanced Biomed Inc.,Biotechnology
ADVM,"Adverum Biotechnologies, Inc.",Biotechnology
ADXN,Addex Therapeutics Ltd,Biotechnology
AEE,Ameren Corporation,Utilities - Regulated Electric
AEG,Aegon Ltd.,Insurance - Diversified
AEHL,Antelope Enterprise Holdings Limited,Building Products & Equipment
AEHR,"Aehr Test Systems, Inc.",Semiconductor Equipment & Materials
AEI,Alset Inc.,Real Estate - Development
AEIS,"Advanced Energy Industries, Inc.",Electrical Equipment & Parts
AEM,Agnico Eagle Mines Limited,Gold
AEMD,"Aethlon Medical, Inc.",Medical Devices
AENT,Alliance Entertainment Holding Corporation,Entertainment
AEO,"American Eagle Outfitters, Inc.",Apparel Retail
AEON,"AEON Biopharma, Inc.",Biotechnology
AEP,"American Electric Power Company, Inc.",Utilities - Regulated Electric
AER,AerCap Holdings N.V.,Rental & Leasing Services
AERT,"Aeries Technology, Inc",Consulting Services
AES,The AES Corporation,Utilities - Diversified
AESI,Atlas Energy Solutions Inc.,Oil & Gas Equipment & Services
AEVA,"Aeva Technologies, Inc.",Software - Infrastructure
AEYE,"AudioEye, Inc.",Software - Application
AFBI,"Affinity Bancshares, Inc.",Banks - Regional
AFCG,Advanced Flower Capital Inc.,REIT - Mortgage
AFG,"American Financial Group, Inc.",Insurance - Property & Casualty
AFJK,"Aimei Health Technology Co., Ltd",Shell Companies
AFL,Aflac Incorporated,Insurance - Life
AFRI,Forafric Global PLC,Farm Products
AFRM,"Affirm Holdings, Inc.",Software - Infrastructure
AFYA,Afya Limited,Education & Training Services
AG,First Majestic Silver Corp.,Silver
AGAE,Allied Gaming & Entertainment Inc.,Entertainment
AGCO,AGCO Corporation,Farm & Heavy Construction Machinery
AGEN,Agenus Inc.,Biotechnology
AGFY,Agrify Corporation,Farm & Heavy Construction Machinery
AGH,Aureus Greenway Holdings Inc.,Leisure
AGI,Alamos Gold Inc.,Gold
AGIO,"Agios Pharmaceuticals, Inc.",Biotechnology
AGL,"agilon health, inc.",Medical Care Facilities
AGM,Federal Agricultural Mortgage Corporation,Credit Services
AGM.A,Federal Agricultural Mortgage Corporation,Credit Services
AGMH,AGM Group Holdings Inc.,Computer Hardware
AGNC,AGNC Investment Corp.,REIT - Mortgage
AGO,Assured Guaranty Ltd.,Insurance - Specialty
AGRI,AgriFORCE Growing Systems Ltd.,Farm Products
AGRO,Adecoagro S.A.,Farm Products
AGS,"PlayAGS, Inc.",Gambling
AGX,"Argan, Inc.",Engineering & Construction
AGYS,"Agilysys, Inc.",Software - Application
AHCO,AdaptHealth Corp.,Medical Devices
AHG,Akso Health Group,Medical Distribution
AHH,"Armada Hoffler Properties, Inc.",REIT - Diversified
AHL,Aspen Insurance Holdings Limited,Insurance - Specialty
AHR,"American Healthcare REIT, Inc.",REIT - Healthcare Facilities
AHT,"Ashford Hospitality Trust, Inc.",REIT - Hotel & Motel
AI,"C3.ai, Inc.",Software - Infrastructure
AIFE,Aifeex Nexus Acquisition Corporation,Shell Companies
AIFF,"Firefly Neuroscience, Inc.",Software - Application
AIFU,AIFU Inc.,Insurance Brokers
AIG,"American International Group, Inc.",Insurance - Diversified
AIHS,Senmiao Technology Limited,Credit Services
AII,"American Integrity Insurance Group, Inc.",Insurance - Property & Casualty
AIMD,"Ainos, Inc.",Medical Devices
AIN,Albany International Corp.,Textile Manufacturing
AIOT,"PowerFleet, Inc.",Software - Infrastructure
AIP,"Arteris, Inc.",Semiconductors
AIR,AAR Corp.,Aerospace & Defense
AIRE,reAlpha Tech Corp.,Real Estate Services
AIRG,"Airgain, Inc.",Communication Equipment
AIRI,Air Industries Group,Aerospace & Defense
AIRJ,AirJoule Technologies Corporation,Building Products & Equipment
AIRS,"AirSculpt Technologies, Inc.",Medical Care Facilities
AIRT,"Air T, Inc.",Conglomerates
AISP,"Airship AI Holdings, Inc.",Software - Infrastructure
AISPW,"Airship AI Holdings, Inc.",Software - Infrastructure
AIT,"Applied Industrial Technologies, Inc.",Industrial Distribution
AIV,Apartment Investment and Management Company,REIT - Residential
AIXI,Xiao-I Corporation,Software - Application
AIZ,"Assurant, Inc.",Insurance - Property & Casualty
AJG,Arthur J. Gallagher & Co.,Insurance Brokers
AKA,a.k.a. Brands Holding Corp.,Apparel Retail
AKAM,"Akamai Technologies, Inc.",Software - Infrastructure
AKAN,Akanda Corp.,Drug Manufacturers - Specialty & Generic
AKBA,"Akebia Therapeutics, Inc.",Drug Manufacturers - Specialty & Generic
AKO.A,Embotelladora Andina S.A.,Beverages - Non-Alcoholic
AKO.B,Embotelladora Andina S.A.,Beverages - Non-Alcoholic
AKR,Acadia Realty Trust,REIT - Retail
AKRO,"Akero Therapeutics, Inc.",Biotechnology
AKTX,"Akari Therapeutics, Plc",Biotechnology
AKYA,"Akoya Biosciences, Inc.",Medical Instruments & Supplies
AL,Air Lease Corporation,Rental & Leasing Services
ALAB,"Astera Labs, Inc.",Semiconductors
ALAR,Alarum Technologies Ltd.,Software - Infrastructure
ALB,Albemarle Corporation,Specialty Chemicals
ALBT,Avalon GloboCare Corp.,Real Estate Services
ALC,Alcon Inc.,Medical Instruments & Supplies
ALCO,"Alico, Inc.",Farm Products
ALCY,Alchemy Investments Acquisition Corp 1,Shell Companies
ALDF,Aldel Financial II Inc.,Shell Companies
ALDX,"Aldeyra Therapeutics, Inc.",Biotechnology
ALE,"ALLETE, Inc.",Utilities - Diversified
ALEC,"Alector, Inc.",Biotechnology
ALEX,"Alexander & Baldwin, Inc.",REIT - Retail
ALF,Centurion Acquisition Corp.,Shell Companies
ALG,Alamo Group Inc.,Farm & Heavy Construction Machinery
ALGM,"Allegro MicroSystems, Inc.",Semiconductors
ALGN,"Align Technology, Inc.",Medical Instruments & Supplies
ALGS,"Aligos Therapeutics, Inc.",Biotechnology
ALGT,Allegiant Travel Company,Airlines
ALHC,"Alignment Healthcare, Inc.",Healthcare Plans
ALIT,"Alight, Inc.",Software - Application
ALK,"Alaska Air Group, Inc.",Airlines
ALKS,Alkermes plc,Drug Manufacturers - Specialty & Generic
ALKT,"Alkami Technology, Inc.",Software - Application
ALL,The Allstate Corporation,Insurance - Property & Casualty
ALLE,Allegion plc,Security & Protection Services
ALLO,"Allogene Therapeutics, Inc.",Biotechnology
ALLR,"Allarity Therapeutics, Inc.",Biotechnology
ALLT,Allot Ltd.,Software - Infrastructure
ALLY,Ally Financial Inc.,Credit Services
ALMS,Alumis Inc.,Biotechnology
ALMU,"Aeluma, Inc.",Semiconductors
ALNT,Allient Inc.,Electronic Components
ALNY,"Alnylam Pharmaceuticals, Inc.",Biotechnology
ALOT,"AstroNova, Inc.",Computer Hardware
ALRM,"Alarm.com Holdings, Inc.",Software - Application
ALRS,Alerus Financial Corporation,Banks - Regional
ALSN,"Allison Transmission Holdings, Inc.",Auto Parts
ALT,"Altimmune, Inc.",Biotechnology
ALTG,Alta Equipment Group Inc.,Rental & Leasing Services
ALTI,"AlTi Global, Inc.",Asset Management
ALTO,"Alto Ingredients, Inc.",Specialty Chemicals
ALTS,ALT5 Sigma Corporation,Software - Application
ALUR,Allurion Technologies Inc.,Medical Devices
ALV,"Autoliv, Inc.",Auto Parts
ALVO,Alvotech,Drug Manufacturers - Specialty & Generic
ALX,"Alexander's, Inc.",REIT - Retail
ALXO,ALX Oncology Holdings Inc.,Biotechnology
ALZN,"Alzamend Neuro, Inc.",Biotechnology
AM,Antero Midstream Corporation,Oil & Gas Midstream
AMAL,Amalgamated Financial Corp.,Banks - Regional
AMAT,"Applied Materials, Inc.",Semiconductor Equipment & Materials
AMBA,"Ambarella, Inc.",Semiconductor Equipment & Materials
AMBC,"Ambac Financial Group, Inc.",Insurance - Specialty
AMBI,Ambipar Emergency Response,Waste Management
AMBO,Ambow Education Holding Ltd.,Education & Training Services
AMBP,Ardagh Metal Packaging S.A.,Packaging & Containers
AMBR,Amber International Holding Limited,Real Estate - Development
AMC,"AMC Entertainment Holdings, Inc.",Entertainment
AMCR,Amcor plc,Packaging & Containers
AMCX,AMC Networks Inc.,Entertainment
AMD,"Advanced Micro Devices, Inc.",Semiconductors
AME,"AMETEK, Inc.",Specialty Industrial Machinery
AMED,"Amedisys, Inc.",Medical Care Facilities
AMG,"Affiliated Managers Group, Inc.",Asset Management
AMGN,Amgen Inc.,Drug Manufacturers - General
AMH,American Homes 4 Rent,REIT - Residential
AMIX,"Autonomix Medical, Inc.",Medical Devices
AMKR,"Amkor Technology, Inc.",Semiconductor Equipment & Materials
AMLX,"Amylyx Pharmaceuticals, Inc.",Biotechnology
AMN,"AMN Healthcare Services, Inc.",Medical Care Facilities
AMOD,"Alpha Modus Holdings, Inc.",Software - Application
AMP,"Ameriprise Financial, Inc.",Asset Management
AMPG,"AmpliTech Group, Inc.",Communication Equipment
AMPH,"Amphastar Pharmaceuticals, Inc.",Drug Manufacturers - Specialty & Generic
AMPL,"Amplitude, Inc.",Software - Application
AMPX,"Amprius Technologies, Inc.",Electrical Equipment & Parts
AMPY,Amplify Energy Corp.,Oil & Gas Exploration & Production
AMR,"Alpha Metallurgical Resources, Inc.",Coking Coal
AMRC,"Ameresco, Inc.",Engineering & Construction
AMRK,"A-Mark Precious Metals, Inc.",Capital Markets
AMRN,Amarin Corporation plc,Drug Manufacturers - General
AMRX,"Amneal Pharmaceuticals, Inc.",Drug Manufacturers - Specialty & Generic
AMS,American Shared Hospital Services,Medical Care Facilities
AMSC,American Superconductor Corporation,Specialty Industrial Machinery
AMSF,"AMERISAFE, Inc.",Insurance - Specialty
AMST,Amesite Inc.,Software - Application
AMT,American Tower Corporation,REIT - Specialty
AMTB,Amerant Bancorp Inc.,Banks - Regional
AMTD,AMTD IDEA Group,Asset Management
AMTM,"Amentum Holdings, Inc.",Specialty Business Services
AMTX,"Aemetis, Inc.",Specialty Chemicals
AMWD,American Woodmark Corporation,"Furnishings, Fixtures & Appliances"
AMWL,American Well Corporation,Health Information Services
AMX,"América Móvil, S.A.B. de C.V.",Telecom Services
AMZE,"Amaze Holdings, Inc.",Beverages - Wineries & Distilleries
AMZN,"Amazon.com, Inc.",Internet Retail
AN,"AutoNation, Inc.",Auto & Truck Dealerships
ANAB,"AnaptysBio, Inc.",Biotechnology
ANDE,"The Andersons, Inc.",Food Distribution
ANEB,"Anebulo Pharmaceuticals, Inc.",Biotechnology
ANET,Arista Networks Inc,Computer Hardware
ANF,Abercrombie & Fitch Co.,Apparel Retail
ANGH,Anghami Inc.,Entertainment
ANGI,Angi Inc.,Internet Content & Information
ANGO,"AngioDynamics, Inc.",Medical Instruments & Supplies
ANIK,"Anika Therapeutics, Inc.",Drug Manufacturers - Specialty & Generic
ANIP,"ANI Pharmaceuticals, Inc.",Drug Manufacturers - Specialty & Generic
ANIX,"Anixa Biosciences, Inc.",Biotechnology
ANL,Adlai Nortye Ltd.,Biotechnology
ANNA,"AleAnna, Inc.",Oil & Gas Exploration & Production
ANNX,"Annexon, Inc.",Biotechnology
ANRO,"Alto Neuroscience, Inc.",Biotechnology
ANSC,Agriculture & Natural Solutions Acquisition Corporation,Shell Companies
ANSS,"ANSYS, Inc.",Software - Application
ANTA,Antalpha Platform Holding Company,Credit Services
ANTE,AirNet Technology Inc.,Advertising Agencies
ANTX,"AN2 Therapeutics, Inc.",Biotechnology
ANVS,"Annovis Bio, Inc.",Biotechnology
ANY,Sphere 3D Corp.,Capital Markets
AOD,Abrdn Total Dynamic Dividend Fund,Asset Management
AOMR,"Angel Oak Mortgage REIT, Inc.",REIT - Mortgage
AON,Aon plc,Insurance Brokers
AORT,"Artivion, Inc.",Medical Devices
AOS,A. O. Smith Corporation,Specialty Industrial Machinery
AOSL,Alpha and Omega Semiconductor Limited,Semiconductors
AOUT,"American Outdoor Brands, Inc.",Leisure
AP,Ampco-Pittsburgh Corporation,Metal Fabrication
APA,APA Corporation,Oil & Gas Exploration & Production
APAM,Artisan Partners Asset Management Inc.,Asset Management
APD,"Air Products and Chemicals, Inc.",Specialty Chemicals
APDN,"Applied DNA Sciences, Inc.",Diagnostics & Research
APEI,"American Public Education, Inc.",Education & Training Services
APG,APi Group Corporation,Engineering & Construction
APGE,"Apogee Therapeutics, Inc.",Biotechnology
APH,Amphenol Corporation,Electronic Components
API,"Agora, Inc.",Software - Application
APLD,Applied Digital Corporation,Information Technology Services
APLE,"Apple Hospitality REIT, Inc.",REIT - Hotel & Motel
APLM,"Apollomics, Inc.",Biotechnology
APLS,"Apellis Pharmaceuticals, Inc.",Biotechnology
APLT,"Applied Therapeutics, Inc.",Biotechnology
APM,Aptorum Group Limited,Biotechnology
APO,"Apollo Global Management, Inc.",Asset Management
APOG,"Apogee Enterprises, Inc.",Building Products & Equipment
APP,AppLovin Corporation,Advertising Agencies
APPF,"AppFolio, Inc.",Software - Application
APPN,Appian Corporation,Software - Infrastructure
APPS,"Digital Turbine, Inc.",Software - Application
APRE,"Aprea Therapeutics, Inc.",Biotechnology
APT,"Alpha Pro Tech, Ltd.",Building Products & Equipment
APTV,Aptiv PLC,Auto Parts
APUS,"Apimeds Pharmaceuticals US, Inc.",Biotechnology
APVO,Aptevo Therapeutics Inc.,Biotechnology
APWC,Asia Pacific Wire & Cable Corporation Limited,Electrical Equipment & Parts
APYX,Apyx Medical Corporation,Medical Devices
AQB,"AquaBounty Technologies, Inc.",Farm Products
AQMS,"Aqua Metals, Inc.",Waste Management
AQN,Algonquin Power & Utilities Corp.,Utilities - Diversified
AQST,"Aquestive Therapeutics, Inc.",Drug Manufacturers - Specialty & Generic
AR,Antero Resources Corporation,Oil & Gas Exploration & Production
ARAY,Accuray Incorporated,Medical Devices
ARBB,ARB IOT Group Limited,Information Technology Services
ARBE,Arbe Robotics Ltd.,Software - Infrastructure
ARBK,Argo Blockchain plc,Capital Markets
ARCB,ArcBest Corporation,Trucking
ARCC,Ares Capital Corporation,Asset Management
ARCO,Arcos Dorados Holdings Inc.,Restaurants
ARCT,Arcturus Therapeutics Holdings Inc.,Biotechnology
ARDT,"Ardent Health, Inc.",Medical Care Facilities
ARDX,"Ardelyx, Inc.",Biotechnology
ARE,"Alexandria Real Estate Equities, Inc.",REIT - Office
AREB,"American Rebel Holdings, Inc.",Footwear & Accessories
AREC,American Resources Corporation,Coking Coal
AREN,"The Arena Group Holdings, Inc.",Internet Content & Information
ARES,Ares Management Corporation,Asset Management
ARGX,argenx SE,Biotechnology
ARHS,"Arhaus, Inc.",Specialty Retail
ARI,"Apollo Commercial Real Estate Finance, Inc.",REIT - Mortgage
ARIS,"Aris Water Solutions, Inc.",Utilities - Regulated Water
ARKO,Arko Corp.,Specialty Retail
ARKR,Ark Restaurants Corp.,Restaurants
ARL,"American Realty Investors, Inc.",Real Estate Services
ARLO,"Arlo Technologies, Inc.",Building Products & Equipment
ARLP,"Alliance Resource Partners, L.P.",Thermal Coal
ARM,Arm Holdings plc,Semiconductors
ARMK,Aramark,Specialty Business Services
ARMN,Aris Mining Corporation,Gold
ARMP,"Armata Pharmaceuticals, Inc.",Biotechnology
AROC,"Archrock, Inc.",Oil & Gas Equipment & Services
AROW,Arrow Financial Corporation,Banks - Regional
ARQ,"Arq, Inc.",Pollution & Treatment Controls
ARQQ,Arqit Quantum Inc.,Software - Infrastructure
ARQT,"Arcutis Biotherapeutics, Inc.",Biotechnology
ARR,"ARMOUR Residential REIT, Inc.",REIT - Mortgage
ARRY,"Array Technologies, Inc.",Solar
ARTL,"Artelo Biosciences, Inc.",Biotechnology
ARTNA,Artesian Resources Corporation,Utilities - Regulated Water
ARTV,"Artiva Biotherapeutics, Inc.",Biotechnology
ARTW,"Art's-Way Manufacturing Co., Inc.",Farm & Heavy Construction Machinery
ARVN,"Arvinas, Inc.",Biotechnology
ARW,"Arrow Electronics, Inc.",Electronics & Computer Distribution
ARWR,"Arrowhead Pharmaceuticals, Inc.",Biotechnology
AS,"Amer Sports, Inc.",Leisure
ASA,ASA Gold and Precious Metals Limited,Asset Management
ASAN,"Asana, Inc.",Software - Application
ASB,Associated Banc-Corp,Banks - Regional
ASBP,"Aspire Biopharma Holdings, Inc.",Biotechnology
ASC,Ardmore Shipping Corporation,Marine Shipping
ASGN,ASGN Incorporated,Information Technology Services
ASH,Ashland Inc.,Specialty Chemicals
ASIX,AdvanSix Inc.,Chemicals
ASLE,AerSale Corporation,Airports & Air Services
ASM,Avino Silver & Gold Mines Ltd.,Other Precious Metals & Mining
ASMB,"Assembly Biosciences, Inc.",Biotechnology
ASML,ASML Holding N.V.,Semiconductor Equipment & Materials
ASND,Ascendis Pharma A/S,Biotechnology
ASNS,"Actelis Networks, Inc.",Communication Equipment
ASO,"Academy Sports and Outdoors, Inc.",Specialty Retail
ASPC,A SPAC III Acquisition Corp.,Shell Companies
ASPI,ASP Isotopes Inc.,Chemicals
ASPN,"Aspen Aerogels, Inc.",Building Products & Equipment
ASPS,Altisource Portfolio Solutions S.A.,Real Estate Services
ASR,"Grupo Aeroportuario del Sureste, S. A. B. de C. V.",Airports & Air Services
ASRT,"Assertio Holdings, Inc.",Drug Manufacturers - Specialty & Generic
ASRV,"AmeriServ Financial, Inc.",Banks - Regional
ASST,Asset Entities Inc.,Internet Content & Information
ASTC,Astrotech Corporation,Scientific & Technical Instruments
ASTE,"Astec Industries, Inc.",Farm & Heavy Construction Machinery
ASTH,"Astrana Health, Inc.",Medical Care Facilities
ASTI,"Ascent Solar Technologies, Inc.",Solar
ASTL,Algoma Steel Group Inc.,Steel
ASTS,"AST SpaceMobile, Inc.",Communication Equipment
ASUR,"Asure Software, Inc.",Software - Application
ASX,"ASE Technology Holding Co., Ltd.",Semiconductors
ASYS,"Amtech Systems, Inc.",Semiconductor Equipment & Materials
ATAI,Atai Life Sciences N.V.,Biotechnology
ATAT,Atour Lifestyle Holdings Limited,Lodging
ATCH,"AtlasClear Holdings, Inc.",Software - Infrastructure
ATEC,"Alphatec Holdings, Inc.",Medical Devices
ATEN,"A10 Networks, Inc.",Software - Infrastructure
ATER,"Aterian, Inc.","Furnishings, Fixtures & Appliances"
ATEX,Anterix Inc.,Telecom Services
ATGE,Adtalem Global Education Inc.,Education & Training Services
ATGL,Alpha Technology Group Limited,Software - Infrastructure
ATHA,"Athira Pharma, Inc.",Biotechnology
ATHE,Alterity Therapeutics Limited,Biotechnology
ATHM,Autohome Inc.,Internet Content & Information
ATHR,"Aether Holdings, Inc.",Software - Application
ATI,ATI Inc.,Metal Fabrication
ATII,Archimedes Tech SPAC Partners II Co.,Shell Companies
ATKR,Atkore Inc.,Electrical Equipment & Parts
ATLC,Atlanticus Holdings Corporation,Credit Services
ATLN,Atlantic International Corp.,Staffing & Employment Services
ATLO,Ames National Corporation,Banks - Regional
ATLX,Atlas Lithium Corporation,Other Industrial Metals & Mining
ATMC,AlphaTime Acquisition Corp,Shell Companies
ATMU,Atmus Filtration Technologies Inc.,Auto Parts
ATMV,AlphaVest Acquisition Corp,Shell Companies
ATNF,180 Life Sciences Corp.,Biotechnology
ATNI,"ATN International, Inc.",Telecom Services
ATNM,"Actinium Pharmaceuticals, Inc.",Biotechnology
ATO,Atmos Energy Corporation,Utilities - Regulated Gas
ATOM,Atomera Incorporated,Semiconductor Equipment & Materials
ATOS,"Atossa Therapeutics, Inc.",Biotechnology
ATPC,Agape ATP Corporation,Packaged Foods
ATR,"AptarGroup, Inc.",Medical Instruments & Supplies
ATRA,"Atara Biotherapeutics, Inc.",Biotechnology
ATRC,"AtriCure, Inc.",Medical Instruments & Supplies
ATRO,Astronics Corporation,Aerospace & Defense
ATS,ATS Corporation,Specialty Industrial Machinery
ATUS,"Altice USA, Inc.",Telecom Services
ATXG,Addentax Group Corp.,Integrated Freight & Logistics
ATXS,"Astria Therapeutics, Inc.",Biotechnology
ATYR,"aTyr Pharma, Inc.",Biotechnology
AU,AngloGold Ashanti plc,Gold
AUB,Atlantic Union Bankshares Corporation,Banks - Regional
AUBN,"Auburn National Bancorporation, Inc.",Banks - Regional
AUDC,AudioCodes Ltd.,Communication Equipment
AUID,authID Inc.,Software - Infrastructure
AUNA,Auna S.A.,Medical Care Facilities
AUPH,Aurinia Pharmaceuticals Inc.,Biotechnology
AUR,"Aurora Innovation, Inc.",Information Technology Services
AURA,"Aura Biosciences, Inc.",Biotechnology
AUST,Austin Gold Corp.,Gold
AUTL,Autolus Therapeutics plc,Biotechnology
AUUD,Auddia Inc.,Software - Application
AVA,Avista Corporation,Utilities - Diversified
AVAH,Aveanna Healthcare Holdings Inc.,Medical Care Facilities
AVAL,Grupo Aval Acciones y Valores S.A.,Banks - Regional
AVAV,"AeroVironment, Inc.",Aerospace & Defense
AVB,"AvalonBay Communities, Inc.",REIT - Residential
AVBP,"ArriVent BioPharma, Inc.",Biotechnology
AVD,American Vanguard Corporation,Agricultural Inputs
AVDL,Avadel Pharmaceuticals plc,Drug Manufacturers - Specialty & Generic
AVDX,"AvidXchange Holdings, Inc.",Software - Infrastructure
AVGO,Broadcom Inc.,Semiconductors
AVIR,"Atea Pharmaceuticals, Inc.",Biotechnology
AVNS,"Avanos Medical, Inc.",Medical Devices
AVNT,Avient Corporation,Specialty Chemicals
AVNW,"Aviat Networks, Inc.",Communication Equipment
AVO,"Mission Produce, Inc.",Food Distribution
AVPT,"AvePoint, Inc.",Software - Infrastructure
AVR,Anteris Technologies Global Corp.,Medical Instruments & Supplies
AVT,"Avnet, Inc.",Electronics & Computer Distribution
AVTR,"Avantor, Inc.",Medical Instruments & Supplies
AVTX,"Avalo Therapeutics, Inc.",Biotechnology
AVXL,Anavex Life Sciences Corp.,Biotechnology
AVY,Avery Dennison Corporation,Packaging & Containers
AWI,"Armstrong World Industries, Inc.",Building Products & Equipment
AWK,"American Water Works Company, Inc.",Utilities - Regulated Water
AWR,,
AWRE,"Aware, Inc.",Software - Application
AWX,Avalon Holdings Corporation,Waste Management
AX,"Axos Financial, Inc.",Banks - Regional
AXGN,"Axogen, Inc.",Medical Devices
AXIL,"AXIL Brands, Inc.",Consumer Electronics
AXL,"American Axle & Manufacturing Holdings, Inc.",Auto Parts
AXON,"Axon Enterprise, Inc.",Aerospace & Defense
AXP,American Express Company,Credit Services
AXR,AMREP Corporation,Real Estate - Development
AXS,AXIS Capital Holdings Limited,Insurance - Specialty
AXSM,"Axsome Therapeutics, Inc.",Biotechnology
AXTA,Axalta Coating Systems Ltd.,Specialty Chemicals
AXTI,"AXT, Inc.",Semiconductor Equipment & Materials
AYI,Acuity Inc.,Electrical Equipment & Parts
AYRO,"Ayro, Inc.",Auto Manufacturers
AYTU,"Aytu BioPharma, Inc.",Drug Manufacturers - Specialty & Generic
AZ,A2Z Cust2Mate Solutions Corp.,Software - Application
AZEK,The AZEK Company Inc.,Building Products & Equipment
AZI,Autozi Internet Technology (Global) Ltd.,Auto & Truck Dealerships
AZN,AstraZeneca PLC,Drug Manufacturers - General
AZO,"AutoZone, Inc.",Auto Parts
AZTA,"Azenta, Inc.",Medical Instruments & Supplies
AZTR,"Azitra, Inc.",Biotechnology
AZZ,AZZ Inc.,Specialty Business Services
B,Barrick Mining Corporation,Gold
BA,The Boeing Company,Aerospace & Defense
BABA,Alibaba Group Holding Limited,Internet Retail
BAC,Bank of America Corporation,Banks - Diversified
BACQ,Bleichroeder Acquisition Corp. I,Shell Companies
BAER,"Bridger Aerospace Group Holdings, Inc.",Security & Protection Services
BAFN,BayFirst Financial Corp.,Banks - Regional
BAH,Booz Allen Hamilton Holding Corporation,Consulting Services
BAK,Braskem S.A.,Chemicals
BALL,Ball Corporation,Packaging & Containers
BAM,Brookfield Asset Management Ltd.,Asset Management
BANC,"Banc of California, Inc.",Banks - Regional
BAND,Bandwidth Inc.,Software - Infrastructure
BANF,BancFirst Corporation,Banks - Regional
BANL,CBL International Limited,Oil & Gas Midstream
BANR,Banner Corporation,Banks - Regional
BANX,ArrowMark Financial Corp.,Asset Management
BAOS,Baosheng Media Group Holdings Limited,Advertising Agencies
BAP,Credicorp Ltd.,Banks - Regional
BARK,"BARK, Inc.",Specialty Retail
BASE,"Couchbase, Inc.",Software - Infrastructure
BATL,Battalion Oil Corporation,Oil & Gas Exploration & Production
BATRA,"Atlanta Braves Holdings, Inc.",Entertainment
BATRK,"Atlanta Braves Holdings, Inc.",Entertainment
BAX,Baxter International Inc.,Medical Instruments & Supplies
BAYA,Bayview Acquisition Corp,Shell Companies
BB,BlackBerry Limited,Software - Infrastructure
BBAI,"BigBear.ai Holdings, Inc.",Information Technology Services
BBAR,Banco BBVA Argentina S.A.,Banks - Regional
BBCP,"Concrete Pumping Holdings, Inc.",Engineering & Construction
BBD,Banco Bradesco S.A.,Banks - Regional
BBDC,"Barings BDC, Inc.",Asset Management
BBDO,Banco Bradesco S.A.,Banks - Regional
BBGI,"Beasley Broadcast Group, Inc.",Broadcasting
BBIO,"BridgeBio Pharma, Inc.",Biotechnology
BBLG,Bone Biologics Corporation,Medical Devices
BBNX,"Beta Bionics, Inc.",Medical Devices
BBSI,"Barrett Business Services, Inc.",Staffing & Employment Services
BBU,Brookfield Business Partners L.P.,Conglomerates
BBUC,Brookfield Business Corporation,Asset Management
BBVA,"Banco Bilbao Vizcaya Argentaria, S.A.",Banks - Diversified
BBW,"Build-A-Bear Workshop, Inc.",Specialty Retail
BBWI,"Bath & Body Works, Inc.",Specialty Retail
BBY,"Best Buy Co., Inc.",Specialty Retail
BC,Brunswick Corporation,Recreational Vehicles
BCAB,"BioAtla, Inc.",Biotechnology
BCAL,California BanCorp.,Banks - Regional
BCAX,Bicara Therapeutics Inc.,Biotechnology
BCBP,"BCB Bancorp, Inc.",Banks - Regional
BCC,Boise Cascade Company,Lumber & Wood Production
BCDA,"BioCardia, Inc.",Biotechnology
BCE,BCE Inc.,Telecom Services
BCG,"Binah Capital Group, Inc.",Asset Management
BCH,Banco de Chile,Banks - Regional
BCLI,Brainstorm Cell Therapeutics Inc.,Biotechnology
BCML,BayCom Corp,Banks - Regional
BCO,The Brink's Company,Security & Protection Services
BCPC,Balchem Corporation,Specialty Chemicals
BCRX,"BioCryst Pharmaceuticals, Inc.",Drug Manufacturers - Specialty & Generic
BCS,Barclays PLC,Banks - Diversified
BCSF,"Bain Capital Specialty Finance, Inc.",Asset Management
BCTX,BriaCell Therapeutics Corp.,Biotechnology
BCYC,Bicycle Therapeutics plc,Biotechnology
BDC,Belden Inc.,Communication Equipment
BDL,"Flanigan's Enterprises, Inc.",Restaurants
BDMD,Baird Medical Investment Holdings Limited,Medical Devices
BDN,Brandywine Realty Trust,REIT - Office
BDRX,Biodexa Pharmaceuticals Plc,Biotechnology
BDSX,"Biodesix, Inc.",Diagnostics & Research
BDTX,"Black Diamond Therapeutics, Inc.",Biotechnology
BDX,"Becton, Dickinson and Company",Medical Instruments & Supplies
BE,Bloom Energy Corporation,Electrical Equipment & Parts
BEAG,Bold Eagle Acquisition Corp.,Shell Companies
BEAM,Beam Therapeutics Inc.,Biotechnology
BEAT,"HeartBeam, Inc.",Health Information Services
BEDU,Bright Scholar Education Holdings Limited,Education & Training Services
BEEM,Beam Global,Solar
BEEP,Mobile Infrastructure Corporation,Infrastructure Operations
BEKE,KE Holdings Inc.,Real Estate Services
BELFA,Bel Fuse Inc.,Electronic Components
BELFB,Bel Fuse Inc.,Electronic Components
BEN,"Franklin Resources, Inc.",Asset Management
BENF,Beneficient,Asset Management
BEP,Brookfield Renewable Partners L.P.,Utilities - Renewable
BEPC,Brookfield Renewable Corporation,Utilities - Renewable
BETR,Better Home & Finance Holding Company,Mortgage Finance
BF.A,Brown-Forman Corporation,Beverages - Wineries & Distilleries
BF.B,Brown-Forman Corporation,Beverages - Wineries & Distilleries
BFAM,Bright Horizons Family Solutions Inc.,Personal Services
BFC,Bank First Corporation,Banks - Regional
BFH,"Bread Financial Holdings, Inc.",Credit Services
BFIN,BankFinancial Corporation,Banks - Regional
BFLY,"Butterfly Network, Inc.",Medical Devices
BFRG,"Bullfrog AI Holdings, Inc.",Health Information Services
BFRI,Biofrontera Inc.,Drug Manufacturers - Specialty & Generic
BFS,"Saul Centers, Inc.",REIT - Retail
BFST,"Business First Bancshares, Inc.",Banks - Regional
BG,Bunge Global SA,Farm Products
BGC,"BGC Group, Inc.",Capital Markets
BGFV,Big 5 Sporting Goods Corporation,Specialty Retail
BGI,Birks Group Inc.,Luxury Goods
BGLC,BioNexus Gene Lab Corp.,Specialty Chemicals
BGM,BGM Group Ltd.,Drug Manufacturers - Specialty & Generic
BGS,"B&G Foods, Inc.",Packaged Foods
BGSF,"BGSF, Inc.",Staffing & Employment Services
BH,Biglari Holdings Inc.,Restaurants
BH.A,Biglari Holdings Inc.,Restaurants
BHAT,Blue Hat Interactive Entertainment Technology,Electronic Gaming & Multimedia
BHB,Bar Harbor Bankshares,Banks - Regional
BHC,Bausch Health Companies Inc.,Drug Manufacturers - Specialty & Generic
BHE,"Benchmark Electronics, Inc.",Electronic Components
BHF,"Brighthouse Financial, Inc.",Insurance - Life
BHLB,"Berkshire Hills Bancorp, Inc.",Banks - Regional
BHM,"Bluerock Homes Trust, Inc.",REIT - Residential
BHP,BHP Group Limited,Other Industrial Metals & Mining
BHR,Braemar Hotels & Resorts Inc.,REIT - Hotel & Motel
BHRB,Burke & Herbert Financial Services Corp.,Banks - Regional
BHST,BioHarvest Sciences Inc.,Packaged Foods
BHVN,Biohaven Ltd.,Biotechnology
BIAF,"bioAffinity Technologies, Inc.",Diagnostics & Research
BIDU,"Baidu, Inc.",Internet Content & Information
BIGC,"BigCommerce Holdings, Inc.",Software - Application
BIIB,Biogen Inc.,Drug Manufacturers - General
BILI,Bilibili Inc.,Internet Content & Information
BILL,"BILL Holdings, Inc.",Software - Application
BIO,"Bio-Rad Laboratories, Inc.",Medical Devices
BIO.B,"Bio-Rad Laboratories, Inc.",Medical Devices
BIOA,"BioAge Labs, Inc.",Drug Manufacturers - Specialty & Generic
BIOX,Bioceres Crop Solutions Corp.,Agricultural Inputs
BIP,Brookfield Infrastructure Partners L.P.,Utilities - Diversified
BIPC,Brookfield Infrastructure Corporation,Utilities - Regulated Gas
BIRD,"Allbirds, Inc.",Apparel Retail
BIRK,Birkenstock Holding plc,Footwear & Accessories
BITF,Bitfarms Ltd.,Capital Markets
BIVI,BioVie Inc.,Biotechnology
BIYA,Baiya International Group Inc.,Staffing & Employment Services
BJ,"BJ's Wholesale Club Holdings, Inc.",Discount Stores
BJDX,"Bluejay Diagnostics, Inc.",Medical Devices
BJRI,"BJ's Restaurants, Inc.",Restaurants
BK,The Bank of New York Mellon Corporation,Banks - Diversified
BKD,Brookdale Senior Living Inc.,Medical Care Facilities
BKE,"The Buckle, Inc.",Apparel Retail
BKH,Black Hills Corporation,Utilities - Regulated Gas
BKHA,Black Hawk Acquisition Corporation,Shell Companies
BKKT,"Bakkt Holdings, Inc.",Software - Infrastructure
BKNG,Booking Holdings Inc.,Travel Services
BKR,Baker Hughes Company,Oil & Gas Equipment & Services
BKSY,BlackSky Technology Inc.,Specialty Business Services
BKTI,BK Technologies Corporation,Communication Equipment
BKU,"BankUnited, Inc.",Banks - Regional
BKV,BKV Corporation,Oil & Gas Exploration & Production
BKYI,"BIO-key International, Inc.",Security & Protection Services
BL,"BlackLine, Inc.",Software - Application
BLBD,Blue Bird Corporation,Farm & Heavy Construction Machinery
BLBX,Blackboxstocks Inc.,Software - Application
BLCO,Bausch + Lomb Corporation,Medical Instruments & Supplies
BLD,TopBuild Corp.,Engineering & Construction
BLDE,"Blade Air Mobility, Inc.",Airports & Air Services
BLDP,Ballard Power Systems Inc.,Specialty Industrial Machinery
BLDR,"Builders FirstSource, Inc.",Building Products & Equipment
BLFS,"BioLife Solutions, Inc.",Medical Instruments & Supplies
BLFY,Blue Foundry Bancorp,Banks - Regional
BLIN,"Bridgeline Digital, Inc.",Software - Infrastructure
BLIV,BeLive Holdings,Software - Application
BLK,"BlackRock, Inc.",Asset Management
BLKB,"Blackbaud, Inc.",Software - Application
BLMN,"Bloomin' Brands, Inc.",Restaurants
BLMZ,BloomZ Inc.,Entertainment
BLND,"Blend Labs, Inc.",Software - Application
BLNE,"Beeline Holdings, Inc.",Beverages - Wineries & Distilleries
BLNK,Blink Charging Co.,Engineering & Construction
BLRX,BioLineRx Ltd.,Biotechnology
BLTE,"Belite Bio, Inc",Biotechnology
BLX,"Banco Latinoamericano de Comercio Exterior, S. A.",Banks - Regional
BLZE,"Backblaze, Inc.",Software - Infrastructure
BMA,Banco Macro S.A.,Banks - Regional
BMBL,Bumble Inc.,Internet Content & Information
BMEA,"Biomea Fusion, Inc.",Biotechnology
BMGL,Basel Medical Group Ltd,Medical Care Facilities
BMI,"Badger Meter, Inc.",Scientific & Technical Instruments
BMNR,"Bitmine Immersion Technologies, Inc.",Capital Markets
BMO,Bank of Montreal,Banks - Diversified
BMR,Beamr Imaging Ltd.,Software - Application
BMRA,"Biomerica, Inc.",Medical Devices
BMRC,Bank of Marin Bancorp,Banks - Regional
BMRN,BioMarin Pharmaceutical Inc.,Biotechnology
BMY,Bristol-Myers Squibb Company,Drug Manufacturers - General
BN,Brookfield Corporation,Asset Management
BNAI,"Brand Engagement Network, Inc.",Software - Infrastructure
BNED,"Barnes & Noble Education, Inc.",Specialty Retail
BNGO,"Bionano Genomics, Inc.",Medical Instruments & Supplies
BNL,"Broadstone Net Lease, Inc.",REIT - Diversified
BNR,Burning Rock Biotech Limited,Diagnostics & Research
BNRG,Brenmiller Energy Ltd,Utilities - Renewable
BNS,The Bank of Nova Scotia,Banks - Diversified
BNT,Brookfield Wealth Solutions Ltd.,Insurance - Diversified
BNTC,Benitec Biopharma Inc.,Biotechnology
BNTX,BioNTech SE,Biotechnology
BNZI,"Banzai International, Inc.",Software - Application
BOC,Boston Omaha Corporation,Conglomerates
BODI,"The Beachbody Company, Inc.",Internet Content & Information
BOF,BranchOut Food Inc.,Packaged Foods
BOH,Bank of Hawaii Corporation,Banks - Regional
BOKF,BOK Financial Corporation,Banks - Regional
BOLD,"Boundless Bio, Inc.",Biotechnology
BOLT,"Bolt Biotherapeutics, Inc.",Biotechnology
BON,Bon Natural Life Limited,Specialty Chemicals
BOOM,DMC Global Inc.,Conglomerates
BOOT,"Boot Barn Holdings, Inc.",Apparel Retail
BORR,Borr Drilling Limited,Oil & Gas Drilling
BOSC,B.O.S. Better Online Solutions Ltd.,Communication Equipment
BOTJ,"Bank of the James Financial Group, Inc.",Banks - Regional
BOW,Bowhead Specialty Holdings Inc.,Insurance - Property & Casualty
BOWN,Bowen Acquisition Corp,Shell Companies
BOX,"Box, Inc.",Software - Infrastructure
BOXL,Boxlight Corporation,Consumer Electronics
BP,BP p.l.c.,Oil & Gas Integrated
BPMC,Blueprint Medicines Corporation,Biotechnology
BPOP,"Popular, Inc.",Banks - Regional
BPRN,"Princeton Bancorp, Inc.",Banks - Regional
BPT,BP Prudhoe Bay Royalty Trust,Oil & Gas Midstream
BQ,Boqii Holding Limited,Specialty Retail
BR,"Broadridge Financial Solutions, Inc.",Information Technology Services
BRAG,Bragg Gaming Group Inc.,Gambling
BRBR,"BellRing Brands, Inc.",Packaged Foods
BRBS,"Blue Ridge Bankshares, Inc.",Banks - Regional
BRC,Brady Corporation,Security & Protection Services
BRCC,BRC Inc.,Packaged Foods
BRDG,Bridge Investment Group Holdings Inc.,Asset Management
BREA,Brera Holdings PLC,Entertainment
BRFH,"Barfresh Food Group, Inc.",Beverages - Non-Alcoholic
BRFS,BRF S.A.,Packaged Foods
BRIA,Brillia Inc,Apparel Retail
BRID,Bridgford Foods Corporation,Packaged Foods
BRK.A,Berkshire Hathaway Inc.,Insurance - Diversified
BRK.B,Berkshire Hathaway Inc.,Insurance - Diversified
BRKL,"Brookline Bancorp, Inc.",Banks - Regional
BRKR,Bruker Corporation,Medical Devices
BRLS,Borealis Foods Inc.,Packaged Foods
BRLT,"Brilliant Earth Group, Inc.",Luxury Goods
BRN,"Barnwell Industries, Inc.",Oil & Gas Exploration & Production
BRNS,Barinthus Biotherapeutics plc,Biotechnology
BRO,"Brown & Brown, Inc.",Insurance Brokers
BROG,Brooge Energy Limited,Oil & Gas Midstream
BROS,Dutch Bros Inc.,Restaurants
BRSP,"BrightSpire Capital, Inc.",REIT - Mortgage
BRT,BRT Apartments Corp.,REIT - Residential
BRTX,"BioRestorative Therapies, Inc.",Biotechnology
BRX,Brixmor Property Group Inc.,REIT - Retail
BRY,Berry Corporation,Oil & Gas Exploration & Production
BRZE,"Braze, Inc.",Software - Application
BSAC,Banco Santander-Chile,Banks - Regional
BSBK,Bogota Financial Corp.,Banks - Regional
BSBR,Banco Santander (Brasil) S.A.,Banks - Regional
BSET,"Bassett Furniture Industries, Incorporated","Furnishings, Fixtures & Appliances"
BSGM,"BioSig Technologies, Inc.",Medical Devices
BSLK,"Bolt Projects Holdings, Inc.",Specialty Chemicals
BSM,"Black Stone Minerals, L.P.",Oil & Gas Exploration & Production
BSRR,Sierra Bancorp,Banks - Regional
BST,BlackRock Science and Technology Trust,Asset Management
BSVN,Bank7 Corp.,Banks - Regional
BSX,Boston Scientific Corporation,Medical Devices
BSY,"Bentley Systems, Incorporated",Software - Application
BTAI,"BioXcel Therapeutics, Inc.",Biotechnology
BTBD,"BT Brands, Inc.",Restaurants
BTBT,"Bit Digital, Inc.",Capital Markets
BTCM,BIT Mining Limited,Information Technology Services
BTCS,BTCS Inc.,Capital Markets
BTCT,BTC Digital Ltd.,Computer Hardware
BTDR,Bitdeer Technologies Group,Software - Application
BTE,Baytex Energy Corp.,Oil & Gas Exploration & Production
BTG,B2Gold Corp.,Gold
BTI,British American Tobacco p.l.c.,Tobacco
BTM,Bitcoin Depot Inc.,Capital Markets
BTMD,biote Corp.,Medical Care Facilities
BTOC,Armlogi Holding Corp.,Integrated Freight & Logistics
BTOG,Bit Origin Ltd,Financial Data & Stock Exchanges
BTSG,"BrightSpring Health Services, Inc.",Health Information Services
BTU,Peabody Energy Corporation,Thermal Coal
BTX,BlackRock Innovation and Growth Term Trust,Asset Management
BUD,Anheuser-Busch InBev SA/NV,Beverages - Brewers
BULL,Webull Corporation,Software - Application
BUR,Burford Capital Limited,Asset Management
BURL,"Burlington Stores, Inc.",Apparel Retail
BURU,"Nuburu, Inc.",Specialty Industrial Machinery
BUSE,First Busey Corporation,Banks - Regional
BV,"BrightView Holdings, Inc.",Specialty Business Services
BVFL,"BV Financial, Inc.",Banks - Regional
BVN,Compañía de Minas Buenaventura S.A.A.,Other Precious Metals & Mining
BVS,Bioventus Inc.,Medical Devices
BW,"Babcock & Wilcox Enterprises, Inc.",Specialty Industrial Machinery
BWA,BorgWarner Inc.,Auto Parts
BWAY,BrainsWay Ltd.,Medical Devices
BWB,"Bridgewater Bancshares, Inc.",Banks - Regional
BWEN,"Broadwind, Inc.",Specialty Industrial Machinery
BWFG,"Bankwell Financial Group, Inc.",Banks - Regional
BWIN,"The Baldwin Insurance Group, Inc.",Insurance Brokers
BWLP,BW LPG Limited,Marine Shipping
BWMN,Bowman Consulting Group Ltd.,Engineering & Construction
BWMX,"Betterware de México, S.A.P.I. de C.V.",Specialty Retail
BWXT,"BWX Technologies, Inc.",Aerospace & Defense
BX,Blackstone Inc.,Asset Management
BXC,BlueLinx Holdings Inc.,Industrial Distribution
BXMT,"Blackstone Mortgage Trust, Inc.",REIT - Mortgage
BXP,"BXP, Inc.",REIT - Office
BXSL,Blackstone Secured Lending Fund,Asset Management
BY,"Byline Bancorp, Inc.",Banks - Regional
BYD,Boyd Gaming Corporation,Resorts & Casinos
BYFC,Broadway Financial Corporation,Banks - Regional
BYND,"Beyond Meat, Inc.",Packaged Foods
BYON,"Beyond, Inc.",Internet Retail
BYRN,Byrna Technologies Inc.,Aerospace & Defense
BYSI,BeyondSpring Inc.,Biotechnology
BZ,Kanzhun Limited,Internet Content & Information
BZAI,"Blaize Holdings, Inc.",Software - Application
BZFD,"BuzzFeed, Inc.",Internet Content & Information
BZH,"Beazer Homes USA, Inc.",Residential Construction
BZUN,Baozun Inc.,Internet Retail
C,Citigroup Inc.,Banks - Diversified
CAAP,Corporación América Airports S.A.,Airports & Air Services
CAAS,"China Automotive Systems, Inc.",Auto Parts
CABA,"Cabaletta Bio, Inc.",Biotechnology
CABO,"Cable One, Inc.",Telecom Services
CAC,Camden National Corporation,Banks - Regional
CACC,Credit Acceptance Corporation,Credit Services
CACI,CACI International Inc,Information Technology Services
CADE,Cadence Bank,Banks - Regional
CADL,"Candel Therapeutics, Inc.",Biotechnology
CAE,CAE Inc.,Aerospace & Defense
CAG,"Conagra Brands, Inc.",Packaged Foods
CAH,"Cardinal Health, Inc.",Medical Distribution
CAKE,The Cheesecake Factory Incorporated,Restaurants
CAL,"Caleres, Inc.",Apparel Retail
CALC,"CalciMedica, Inc.",Biotechnology
CALM,"Cal-Maine Foods, Inc.",Farm Products
CALX,"Calix, Inc.",Software - Infrastructure
CAMP,Camp4 Therapeutics Corporation,Biotechnology
CAMT,Camtek Ltd.,Semiconductor Equipment & Materials
CAN,Canaan Inc.,Computer Hardware
CANF,Can-Fite BioPharma Ltd.,Biotechnology
CANG,Cango Inc.,Auto & Truck Dealerships
CAPL,CrossAmerica Partners LP,Oil & Gas Refining & Marketing
CAPN,Cayson Acquisition Corp,Shell Companies
CAPR,"Capricor Therapeutics, Inc.",Biotechnology
CAPS,Capstone Holding Corp.,Building Materials
CAPT,Captivision Inc.,Building Materials
CAR,"Avis Budget Group, Inc.",Rental & Leasing Services
CARE,"Carter Bankshares, Inc.",Banks - Regional
CARG,"CarGurus, Inc.",Auto & Truck Dealerships
CARM,"Carisma Therapeutics, Inc.",Biotechnology
CARR,Carrier Global Corporation,Building Products & Equipment
CARS,Cars.com Inc.,Internet Content & Information
CART,Maplebear Inc.,Internet Retail
CARV,"Carver Bancorp, Inc.",Banks - Regional
CASH,"Pathward Financial, Inc.",Banks - Regional
CASI,"CASI Pharmaceuticals, Inc.",Biotechnology
CASK,"Heritage Distilling Holding Company, Inc.",Beverages - Wineries & Distilleries
CASS,"Cass Information Systems, Inc.",Specialty Business Services
CASY,"Casey's General Stores, Inc.",Specialty Retail
CAT,Caterpillar Inc.,Farm & Heavy Construction Machinery
CATO,The Cato Corporation,Apparel Retail
CATX,"Perspective Therapeutics, Inc.",Medical Devices
CATY,Cathay General Bancorp,Banks - Regional
CAVA,"CAVA Group, Inc.",Restaurants
CB,Chubb Limited,Insurance - Property & Casualty
CBAN,"Colony Bankcorp, Inc.",Banks - Regional
CBAT,"CBAK Energy Technology, Inc.",Electrical Equipment & Parts
CBFV,"CB Financial Services, Inc.",Banks - Regional
CBL,"CBL & Associates Properties, Inc.",REIT - Retail
CBLL,"CeriBell, Inc.",Medical Devices
CBNA,"Chain Bridge Bancorp, Inc.",Banks - Regional
CBNK,"Capital Bancorp, Inc.",Banks - Regional
CBOE,"Cboe Global Markets, Inc.",Financial Data & Stock Exchanges
CBRE,"CBRE Group, Inc.",Real Estate Services
CBRL,"Cracker Barrel Old Country Store, Inc.",Restaurants
CBSH,"Commerce Bancshares, Inc.",Banks - Regional
CBT,Cabot Corporation,Specialty Chemicals
CBU,"Community Financial System, Inc.",Banks - Regional
CBUS,"Cibus, Inc.",Biotechnology
CBZ,"CBIZ, Inc.",Specialty Business Services
CC,The Chemours Company,Specialty Chemicals
CCAP,"Crescent Capital BDC, Inc.",Asset Management
CCB,Coastal Financial Corporation,Banks - Regional
CCBG,"Capital City Bank Group, Inc.",Banks - Regional
CCCC,"C4 Therapeutics, Inc.",Biotechnology
CCCM,Columbus Circle Capital Corp I,Shell Companies
CCCS,CCC Intelligent Solutions Holdings Inc.,Software - Application
CCCX,Churchill Capital Corp X,Shell Companies
CCEC,Capital Clean Energy Carriers Corp.,Marine Shipping
CCEL,"Cryo-Cell International, Inc.",Medical Care Facilities
CCEP,Coca-Cola Europacific Partners PLC,Beverages - Non-Alcoholic
CCG,Cheche Group Inc.,Internet Content & Information
CCI,Crown Castle Inc.,REIT - Specialty
CCIR,Cohen Circle Acquisition Corp. I,Shell Companies
CCIX,Churchill Capital Corp IX,Shell Companies
CCJ,Cameco Corporation,Uranium
CCK,"Crown Holdings, Inc.",Packaging & Containers
CCL,Carnival Corporation & plc,Travel Services
CCLD,"CareCloud, Inc.",Health Information Services
CCM,Concord Medical Services Holdings Limited,Medical Care Facilities
CCNE,CNB Financial Corporation,Banks - Regional
CCO,"Clear Channel Outdoor Holdings, Inc.",Advertising Agencies
CCOI,"Cogent Communications Holdings, Inc.",Telecom Services
CCRD,CoreCard Corporation,Software - Application
CCRN,"Cross Country Healthcare, Inc.",Medical Care Facilities
CCS,"Century Communities, Inc.",Real Estate - Development
CCSI,"Consensus Cloud Solutions, Inc.",Software - Infrastructure
CCTG,CCSC Technology International Holdings Limited,Electrical Equipment & Parts
CCU,Compañía Cervecerías Unidas S.A.,Beverages - Brewers
CDE,"Coeur Mining, Inc.",Gold
CDIO,"Cardio Diagnostics Holdings, Inc.",Biotechnology
CDLR,Cadeler A/S,Engineering & Construction
CDLX,"Cardlytics, Inc.",Advertising Agencies
CDNA,"CareDx, Inc",Diagnostics & Research
CDNS,"Cadence Design Systems, Inc.",Software - Application
CDP,COPT Defense Properties,REIT - Office
CDRE,"Cadre Holdings, Inc.",Aerospace & Defense
CDRO,"Codere Online Luxembourg, S.A.",Gambling
CDT,Conduit Pharmaceuticals Inc.,Biotechnology
CDTG,CDT Environmental Technology Investment Holdings Limited,Waste Management
CDTX,"Cidara Therapeutics, Inc.",Biotechnology
CDW,CDW Corporation,Information Technology Services
CDXS,"Codexis, Inc.",Biotechnology
CDZI,Cadiz Inc.,Utilities - Regulated Water
CE,Celanese Corporation,Chemicals
CEAD,CEA Industries Inc.,Farm & Heavy Construction Machinery
CECO,CECO Environmental Corp.,Pollution & Treatment Controls
CEG,Constellation Energy Corporation,Utilities - Renewable
CELC,Celcuity Inc.,Biotechnology
CELH,"Celsius Holdings, Inc.",Beverages - Non-Alcoholic
CELU,Celularity Inc.,Biotechnology
CELZ,"Creative Medical Technology Holdings, Inc.",Biotechnology
CENN,Cenntro Inc.,Auto Manufacturers
CENT,Central Garden & Pet Company,Packaged Foods
CENTA,Central Garden & Pet Company,Packaged Foods
CENX,Century Aluminum Company,Aluminum
CEP,"Cantor Equity Partners, Inc.",Shell Companies
CEPO,"Cantor Equity Partners I, Inc.",Shell Companies
CEPT,"Cantor Equity Partners II, Inc.",Shell Companies
CEPU,Central Puerto S.A.,Utilities - Regulated Electric
CERO,"CERo Therapeutics Holdings, Inc.",Biotechnology
CERS,Cerus Corporation,Medical Devices
CERT,"Certara, Inc.",Health Information Services
CET,Central Securities Corporation,Asset Management
CETX,"Cemtrex, Inc.",Software - Infrastructure
CETY,"Clean Energy Technologies, Inc.",Specialty Industrial Machinery
CEVA,"CEVA, Inc.",Semiconductors
CF,"CF Industries Holdings, Inc.",Agricultural Inputs
CFBK,CF Bankshares Inc.,Banks - Regional
CFFI,C&F Financial Corporation,Banks - Regional
CFFN,"Capitol Federal Financial, Inc.",Banks - Regional
CFG,"Citizens Financial Group, Inc.",Banks - Regional
CFLT,"Confluent, Inc.",Software - Infrastructure
CFR,"Cullen/Frost Bankers, Inc.",Banks - Regional
CFSB,"CFSB Bancorp, Inc.",Banks - Regional
CG,The Carlyle Group Inc.,Asset Management
CGAU,Centerra Gold Inc.,Gold
CGBD,"Carlyle Secured Lending, Inc.",Asset Management
CGBS,Crown LNG Holdings Limited,Oil & Gas Integrated
CGC,Canopy Growth Corporation,Drug Manufacturers - Specialty & Generic
CGCT,Cartesian Growth Corporation III,Shell Companies
CGEM,"Cullinan Therapeutics, Inc.",Biotechnology
CGEN,Compugen Ltd.,Biotechnology
CGNT,Cognyte Software Ltd.,Software - Infrastructure
CGNX,Cognex Corporation,Scientific & Technical Instruments
CGON,"CG Oncology, Inc.",Biotechnology
CGTL,Creative Global Technology Holdings Limited,Specialty Retail
CGTX,"Cognition Therapeutics, Inc.",Biotechnology
CHA,Chagee Holdings Limited,Restaurants
CHAC,Crane Harbor Acquisition Corp.,Shell Companies
CHAR,Charlton Aria Acquisition Corporation,Shell Companies
CHCI,"Comstock Holding Companies, Inc.",Real Estate - Diversified
CHCO,City Holding Company,Banks - Regional
CHCT,Community Healthcare Trust Incorporated,REIT - Healthcare Facilities
CHD,"Church & Dwight Co., Inc.",Household & Personal Products
CHDN,,
CHE,Chemed Corporation,Medical Care Facilities
CHEB,Chenghe Acquisition II Co.,Shell Companies
CHEF,"The Chefs' Warehouse, Inc.",Food Distribution
CHEK,Check-Cap Ltd.,Diagnostics & Research
CHGG,"Chegg, Inc.",Education & Training Services
CHH,"Choice Hotels International, Inc.",Lodging
CHKP,Check Point Software Technologies Ltd.,Software - Infrastructure
CHMG,Chemung Financial Corporation,Banks - Regional
CHMI,Cherry Hill Mortgage Investment Corporation,REIT - Mortgage
CHNR,"China Natural Resources, Inc.",Pollution & Treatment Controls
CHPG,ChampionsGate Acquisition Corporation,Shell Companies
CHPT,"ChargePoint Holdings, Inc.",Specialty Retail
CHR,"Cheer Holding, Inc.",Advertising Agencies
CHRD,Chord Energy Corporation,Oil & Gas Exploration & Production
CHRO,Channel Therapeutics Corporation,Biotechnology
CHRS,"Coherus BioSciences, Inc.",Biotechnology
CHRW,"C.H. Robinson Worldwide, Inc.",Integrated Freight & Logistics
CHSN,Chanson International Holding,Restaurants
CHT,"Chunghwa Telecom Co., Ltd.",Telecom Services
CHTR,"Charter Communications, Inc.",Telecom Services
CHWY,"Chewy, Inc.",Internet Retail
CHX,ChampionX Corporation,Oil & Gas Equipment & Services
CI,The Cigna Group,Healthcare Plans
CIA,"Citizens, Inc.",Insurance - Life
CIB,Grupo Cibest S.A.,Banks - Regional
CIEN,Ciena Corporation,Communication Equipment
CIFR,Cipher Mining Inc.,Capital Markets
CIG,Companhia Energética de Minas Gerais - CEMIG,Utilities - Diversified
CIG.C,Companhia Energética de Minas Gerais - CEMIG,Utilities - Diversified
CIGI,Colliers International Group Inc.,Real Estate Services
CIGL,Concorde International Group Ltd.,Security & Protection Services
CIIT,"Tianci International, Inc.",Electronics & Computer Distribution
CIM,Chimera Investment Corporation,REIT - Mortgage
CINF,Cincinnati Financial Corporation,Insurance - Property & Casualty
CING,Cingulate Inc.,Biotechnology
CINT,CI&T Inc.,Software - Infrastructure
CIO,"City Office REIT, Inc.",REIT - Office
CION,CION Investment Corporation,Asset Management
CISO,CISO Global Inc.,Software - Infrastructure
CISS,C3is Inc.,Marine Shipping
CIVB,"Civista Bancshares, Inc.",Banks - Regional
CIVI,"Civitas Resources, Inc.",Oil & Gas Exploration & Production
CIX,CompX International Inc.,Security & Protection Services
CJET,"Chijet Motor Company, Inc.",Auto Manufacturers
CJMB,Callan JMB Inc.,Integrated Freight & Logistics
CKX,"CKX Lands, Inc.",Oil & Gas Exploration & Production
CL,Colgate-Palmolive Company,Household & Personal Products
CLAR,Clarus Corporation,Leisure
CLB,Core Laboratories Inc.,Oil & Gas Equipment & Services
CLBK,"Columbia Financial, Inc.",Banks - Regional
CLBR,Colombier Acquisition Corp. II,Shell Companies
CLBT,Cellebrite DI Ltd.,Software - Infrastructure
CLCO,Cool Company Ltd.,Oil & Gas Midstream
CLDI,"Calidi Biotherapeutics, Inc.",Biotechnology
CLDT,Chatham Lodging Trust,REIT - Hotel & Motel
CLDX,"Celldex Therapeutics, Inc.",Biotechnology
CLF,Cleveland-Cliffs Inc.,Steel
CLFD,"Clearfield, Inc.",Communication Equipment
CLGN,CollPlant Biotechnologies Ltd.,Biotechnology
CLH,"Clean Harbors, Inc.",Waste Management
CLIK,Click Holdings Limited,Personal Services
CLIR,ClearSign Technologies Corporation,Pollution & Treatment Controls
CLLS,Cellectis S.A.,Biotechnology
CLMB,"Climb Global Solutions, Inc.",Electronics & Computer Distribution
CLMT,"Calumet, Inc.",Specialty Chemicals
CLNE,Clean Energy Fuels Corp.,Oil & Gas Refining & Marketing
CLNN,Clene Inc.,Packaged Foods
CLOV,"Clover Health Investments, Corp.",Healthcare Plans
CLPR,Clipper Realty Inc.,REIT - Residential
CLPS,CLPS Incorporation,Information Technology Services
CLPT,"ClearPoint Neuro, Inc.",Medical Devices
CLRB,"Cellectar Biosciences, Inc.",Biotechnology
CLRO,"ClearOne, Inc.",Communication Equipment
CLS,Celestica Inc.,Electronic Components
CLSD,"Clearside Biomedical, Inc.",Biotechnology
CLSK,"CleanSpark, Inc.",Capital Markets
CLST,"Catalyst Bancorp, Inc.",Banks - Regional
CLVT,Clarivate Plc,Information Technology Services
CLW,Clearwater Paper Corporation,Paper & Paper Products
CLWT,Euro Tech Holdings Company Limited,Pollution & Treatment Controls
CLX,The Clorox Company,Household & Personal Products
CLYM,"Climb Bio, Inc.",Biotechnology
CM,Canadian Imperial Bank of Commerce,Banks - Diversified
CMA,Comerica Incorporated,Banks - Regional
CMBM,Cambium Networks Corporation,Communication Equipment
CMBT,Cmb.Tech NV,Oil & Gas Midstream
CMC,Commercial Metals Company,Steel
CMCL,Caledonia Mining Corporation Plc,Gold
CMCM,Cheetah Mobile Inc.,Internet Content & Information
CMCO,Columbus McKinnon Corporation,Farm & Heavy Construction Machinery
CMCSA,Comcast Corporation,Telecom Services
CMCT,Creative Media & Community Trust Corporation,REIT - Office
CMDB,Costamare Bulkers Holdings Limited,Marine Shipping
CME,CME Group Inc.,Financial Data & Stock Exchanges
CMG,"Chipotle Mexican Grill, Inc.",Restaurants
CMI,Cummins Inc.,Specialty Industrial Machinery
CMMB,Chemomab Therapeutics Ltd.,Biotechnology
CMND,Clearmind Medicine Inc.,Biotechnology
CMP,"Compass Minerals International, Inc.",Other Industrial Metals & Mining
CMPO,"CompoSecure, Inc.",Metal Fabrication
CMPR,Cimpress plc,Specialty Business Services
CMPS,COMPASS Pathways plc,Medical Care Facilities
CMPX,"Compass Therapeutics, Inc.",Biotechnology
CMRE,Costamare Inc.,Marine Shipping
CMS,CMS Energy Corporation,Utilities - Regulated Electric
CMT,"Core Molding Technologies, Inc.",Specialty Chemicals
CMTG,"Claros Mortgage Trust, Inc.",REIT - Mortgage
CMTL,Comtech Telecommunications Corp.,Communication Equipment
CNA,CNA Financial Corporation,Insurance - Property & Casualty
CNC,Centene Corporation,Healthcare Plans
CNCK,Coincheck Group N.V.,Capital Markets
CNDT,Conduent Incorporated,Information Technology Services
CNET,ZW Data Action Technologies Inc.,Advertising Agencies
CNEY,CN Energy Group. Inc.,Specialty Chemicals
CNF,CNFinance Holdings Limited,Mortgage Finance
CNFR,"Conifer Holdings, Inc.",Insurance - Property & Casualty
CNH,CNH Industrial N.V.,Farm & Heavy Construction Machinery
CNI,Canadian National Railway Company,Railroads
CNK,"Cinemark Holdings, Inc.",Entertainment
CNL,Collective Mining Ltd.,Gold
CNM,"Core & Main, Inc.",Industrial Distribution
CNMD,CONMED Corporation,Medical Devices
CNNE,"Cannae Holdings, Inc.",Restaurants
CNO,"CNO Financial Group, Inc.",Insurance - Life
CNOB,"ConnectOne Bancorp, Inc.",Banks - Regional
CNP,"CenterPoint Energy, Inc.",Utilities - Regulated Electric
CNQ,Canadian Natural Resources Limited,Oil & Gas Exploration & Production
CNR,"Core Natural Resources, Inc.",Thermal Coal
CNS,"Cohen & Steers, Inc.",Asset Management
CNSP,"CNS Pharmaceuticals, Inc.",Biotechnology
CNTA,Centessa Pharmaceuticals plc,Biotechnology
CNTB,Connect Biopharma Holdings Limited,Biotechnology
CNTX,Context Therapeutics Inc.,Biotechnology
CNTY,"Century Casinos, Inc.",Resorts & Casinos
CNVS,Cineverse Corp.,Entertainment
CNX,CNX Resources Corporation,Oil & Gas Exploration & Production
CNXC,Concentrix Corporation,Information Technology Services
CNXN,"PC Connection, Inc.",Electronics & Computer Distribution
COCH,"Envoy Medical, Inc.",Medical Devices
COCO,"The Vita Coco Company, Inc.",Beverages - Non-Alcoholic
COCP,"Cocrystal Pharma, Inc.",Biotechnology
CODA,"Coda Octopus Group, Inc.",Aerospace & Defense
CODI,Compass Diversified,Conglomerates
CODX,"Co-Diagnostics, Inc.",Medical Devices
COE,51Talk Online Education Group,Education & Training Services
COEP,"Coeptis Therapeutics Holdings, Inc.",Biotechnology
COF,Capital One Financial Corporation,Credit Services
COFS,"ChoiceOne Financial Services, Inc.",Banks - Regional
COGT,"Cogent Biosciences, Inc.",Biotechnology
COHN,Cohen & Company Inc.,Capital Markets
COHR,Coherent Corp.,Scientific & Technical Instruments
COHU,"Cohu, Inc.",Semiconductor Equipment & Materials
COIN,"Coinbase Global, Inc.",Financial Data & Stock Exchanges
COKE,"Coca-Cola Consolidated, Inc.",Beverages - Non-Alcoholic
COLA,Columbus Acquisition Corp,Shell Companies
COLB,"Columbia Banking System, Inc.",Banks - Regional
COLD,"Americold Realty Trust, Inc.",REIT - Industrial
COLL,"Collegium Pharmaceutical, Inc.",Drug Manufacturers - Specialty & Generic
COLM,Columbia Sportswear Company,Apparel Manufacturing
COMM,"CommScope Holding Company, Inc.",Communication Equipment
COMP,"Compass, Inc.",Real Estate Services
CON,"Concentra Group Holdings Parent, Inc.",Medical Care Facilities
COO,"The Cooper Companies, Inc.",Medical Instruments & Supplies
COOK,"Traeger, Inc.","Furnishings, Fixtures & Appliances"
COOP,Mr. Cooper Group Inc.,Mortgage Finance
COOT,Australian Oilseeds Holdings Limited,Packaged Foods
COP,ConocoPhillips,Oil & Gas Exploration & Production
COPL,Copley Acquisition Corp,Shell Companies
COR,"Cencora, Inc.",Medical Distribution
CORT,Corcept Therapeutics Incorporated,Biotechnology
CORZ,"Core Scientific, Inc.",Software - Infrastructure
COSM,Cosmos Health Inc.,Medical Distribution
COST,Costco Wholesale Corporation,Discount Stores
COTY,Coty Inc.,Household & Personal Products
COUR,"Coursera, Inc.",Education & Training Services
COYA,"Coya Therapeutics, Inc.",Biotechnology
CP,Canadian Pacific Kansas City Limited,Railroads
CPA,"Copa Holdings, S.A.",Airlines
CPAC,Cementos Pacasmayo S.A.A.,Building Materials
CPAY,"Corpay, Inc.",Software - Infrastructure
CPB,The Campbell's Company,Packaged Foods
CPBI,"Central Plains Bancshares, Inc.",Banks - Regional
CPF,Central Pacific Financial Corp.,Banks - Regional
CPHC,Canterbury Park Holding Corporation,Resorts & Casinos
CPHI,"China Pharma Holdings, Inc.",Drug Manufacturers - Specialty & Generic
CPIX,Cumberland Pharmaceuticals Inc.,Drug Manufacturers - Specialty & Generic
CPK,Chesapeake Utilities Corporation,Utilities - Regulated Gas
CPNG,"Coupang, Inc.",Internet Retail
CPOP,"Pop Culture Group Co., Ltd",Entertainment
CPRI,Capri Holdings Limited,Luxury Goods
CPRT,"Copart, Inc.",Specialty Business Services
CPRX,"Catalyst Pharmaceuticals, Inc.",Biotechnology
CPS,Cooper-Standard Holdings Inc.,Auto Parts
CPSH,CPS Technologies Corporation,Electronic Components
CPSS,"Consumer Portfolio Services, Inc.",Credit Services
CPT,Camden Property Trust,REIT - Residential
CQP,"Cheniere Energy Partners, L.P.",Oil & Gas Midstream
CR,Crane Company,Specialty Industrial Machinery
CRAC,Cal Redwood Acquisition Corp.,Shell Companies
CRAI,"CRA International, Inc.",Consulting Services
CRBG,"Corebridge Financial, Inc.",Asset Management
CRBP,"Corbus Pharmaceuticals Holdings, Inc.",Biotechnology
CRBU,"Caribou Biosciences, Inc.",Biotechnology
CRC,California Resources Corporation,Oil & Gas Exploration & Production
CRCL,"Circle Internet Group, Inc.",Capital Markets
CRCT,"Cricut, Inc.",Computer Hardware
CRD.A,Crawford & Company,Insurance Brokers
CRD.B,Crawford & Company,Insurance Brokers
CRDF,"Cardiff Oncology, Inc.",Biotechnology
CRDL,Cardiol Therapeutics Inc.,Drug Manufacturers - Specialty & Generic
CRDO,Credo Technology Group Holding Ltd,Semiconductors
CREG,Smart Powerr Corp.,Utilities - Renewable
CRESY,"Cresud Sociedad Anónima, Comercial, Inmobiliaria, Financiera y Agropecuaria",Conglomerates
CREV,Carbon Revolution Public Limited Company,Auto Parts
CREX,"Creative Realities, Inc.",Software - Application
CRF,"Cornerstone Total Return Fund, Inc.",Asset Management
CRGO,Freightos Limited,Integrated Freight & Logistics
CRGX,"CARGO Therapeutics, Inc.",Biotechnology
CRGY,Crescent Energy Company,Oil & Gas Integrated
CRH,CRH plc,Building Materials
CRI,"Carter's, Inc.",Apparel Retail
CRIS,"Curis, Inc.",Biotechnology
CRK,"Comstock Resources, Inc.",Oil & Gas Exploration & Production
CRL,"Charles River Laboratories International, Inc.",Diagnostics & Research
CRM,"Salesforce, Inc.",Software - Application
CRMD,CorMedix Inc.,Biotechnology
CRML,Critical Metals Corp.,Other Industrial Metals & Mining
CRMT,"America's Car-Mart, Inc.",Auto & Truck Dealerships
CRNC,Cerence Inc.,Software - Application
CRNG,"CorEnergy Infrastructure Trust, Inc.",-
CRNT,Ceragon Networks Ltd.,Communication Equipment
CRNX,"Crinetics Pharmaceuticals, Inc.",Biotechnology
CRON,Cronos Group Inc.,Drug Manufacturers - Specialty & Generic
CROX,"Crocs, Inc.",Footwear & Accessories
CRS,Carpenter Technology Corporation,Metal Fabrication
CRSP,CRISPR Therapeutics AG,Biotechnology
CRSR,"Corsair Gaming, Inc.",Computer Hardware
CRT,Cross Timbers Royalty Trust,Oil & Gas Exploration & Production
CRTO,Criteo S.A.,Advertising Agencies
CRUS,"Cirrus Logic, Inc.",Semiconductors
CRVL,CorVel Corporation,Insurance Brokers
CRVO,CervoMed Inc.,Biotechnology
CRVS,"Corvus Pharmaceuticals, Inc.",Biotechnology
CRWD,"CrowdStrike Holdings, Inc.",Software - Infrastructure
CRWS,"Crown Crafts, Inc.","Furnishings, Fixtures & Appliances"
CRWV,"CoreWeave, Inc.",Software - Application
CSAN,Cosan S.A.,Oil & Gas Refining & Marketing
CSBR,"Champions Oncology, Inc.",Biotechnology
CSCI,COSCIENS Biopharma Inc.,Biotechnology
CSCO,"Cisco Systems, Inc.",Communication Equipment
CSGP,"CoStar Group, Inc.",Real Estate Services
CSGS,"CSG Systems International, Inc.",Software - Infrastructure
CSIQ,Canadian Solar Inc.,Solar
CSL,Carlisle Companies Incorporated,Building Products & Equipment
CSPI,CSP Inc.,Information Technology Services
CSR,Centerspace,REIT - Residential
CSTE,Caesarstone Ltd.,Building Products & Equipment
CSTL,"Castle Biosciences, Inc.",Diagnostics & Research
CSTM,Constellium SE,Aluminum
CSV,"Carriage Services, Inc.",Personal Services
CSWC,Capital Southwest Corporation,Asset Management
CSWI,"CSW Industrials, Inc.",Specialty Industrial Machinery
CSX,CSX Corporation,Railroads
CTAS,Cintas Corporation,Specialty Business Services
CTBI,"Community Trust Bancorp, Inc.",Banks - Regional
CTEV,Claritev Corporation,Health Information Services
CTGO,"Contango Ore, Inc.",Gold
CTKB,"Cytek Biosciences, Inc.",Medical Devices
CTLP,"Cantaloupe, Inc.",Information Technology Services
CTM,"Castellum, Inc.",Information Technology Services
CTMX,"CytomX Therapeutics, Inc.",Biotechnology
CTNM,"Contineum Therapeutics, Inc.",Biotechnology
CTNT,Cheetah Net Supply Chain Service Inc.,Integrated Freight & Logistics
CTO,"CTO Realty Growth, Inc.",REIT - Diversified
CTOR,"Citius Oncology, Inc.",Drug Manufacturers - Specialty & Generic
CTOS,"Custom Truck One Source, Inc.",Rental & Leasing Services
CTRA,Coterra Energy Inc.,Oil & Gas Exploration & Production
CTRE,"CareTrust REIT, Inc.",REIT - Healthcare Facilities
CTRI,"Centuri Holdings, Inc.",Utilities - Regulated Gas
CTRM,Castor Maritime Inc.,Marine Shipping
CTRN,"Citi Trends, Inc.",Apparel Retail
CTS,CTS Corporation,Electronic Components
CTSH,Cognizant Technology Solutions Corporation,Information Technology Services
CTSO,Cytosorbents Corporation,Medical Devices
CTVA,"Corteva, Inc.",Agricultural Inputs
CTXR,"Citius Pharmaceuticals, Inc.",Biotechnology
CUB,Lionheart Holdings,Shell Companies
CUBE,CubeSmart,REIT - Industrial
CUBI,"Customers Bancorp, Inc.",Banks - Regional
CUE,"Cue Biopharma, Inc.",Biotechnology
CUK,Carnival Corporation & plc,Travel Services
CULP,"Culp, Inc.",Textile Manufacturing
CUPR,Cuprina Holdings (Cayman) Limited,Biotechnology
CURB,Curbline Properties Corp.,REIT - Retail
CURI,CuriosityStream Inc.,Broadcasting
CURR,CURRENC Group Inc.,Financial - Credit Services
CURV,Torrid Holdings Inc.,Apparel Retail
CUZ,Cousins Properties Incorporated,REIT - Office
CVAC,CureVac N.V.,Biotechnology
CVBF,CVB Financial Corp.,Banks - Regional
CVCO,"Cavco Industries, Inc.",Residential Construction
CVE,Cenovus Energy Inc.,Oil & Gas Integrated
CVEO,Civeo Corporation,Lodging
CVGI,"Commercial Vehicle Group, Inc.",Auto Parts
CVGW,"Calavo Growers, Inc.",Food Distribution
CVI,"CVR Energy, Inc.",Oil & Gas Refining & Marketing
CVKD,"Cadrenal Therapeutics, Inc.",Biotechnology
CVLG,"Covenant Logistics Group, Inc.",Trucking
CVLT,"Commvault Systems, Inc.",Software - Application
CVM,CEL-SCI Corporation,Biotechnology
CVNA,Carvana Co.,Auto & Truck Dealerships
CVR,Chicago Rivet & Machine Co.,Tools & Accessories
CVRX,"CVRx, Inc.",Medical Devices
CVS,CVS Health Corporation,Healthcare Plans
CVU,"CPI Aerostructures, Inc.",Aerospace & Defense
CVV,CVD Equipment Corporation,Specialty Industrial Machinery
CVX,Chevron Corporation,Oil & Gas Integrated
CW,Curtiss-Wright Corporation,Aerospace & Defense
CWAN,"Clearwater Analytics Holdings, Inc.",Software - Application
CWBC,Community West Bancshares,Banks - Regional
CWCO,Consolidated Water Co. Ltd.,Utilities - Regulated Water
CWD,CaliberCos Inc.,Asset Management
CWEN,"Clearway Energy, Inc.",Utilities - Renewable
CWEN.A,"Clearway Energy, Inc.",Utilities - Renewable
CWH,"Camping World Holdings, Inc.",Auto & Truck Dealerships
CWK,Cushman & Wakefield plc,Real Estate Services
CWST,"Casella Waste Systems, Inc.",Waste Management
CWT,California Water Service Group,Utilities - Regulated Water
CX,"CEMEX, S.A.B. de C.V.",Building Materials
CXAI,CXApp Inc.,Software - Application
CXDO,"Crexendo, Inc.",Telecom Services
CXM,"Sprinklr, Inc.",Software - Application
CXT,"Crane NXT, Co.",Specialty Industrial Machinery
CXW,"CoreCivic, Inc.",Security & Protection Services
CYBN,Cybin Inc.,Biotechnology
CYBR,CyberArk Software Ltd.,Software - Infrastructure
CYCC,"Cyclacel Pharmaceuticals, Inc.",Biotechnology
CYCN,"Cyclerion Therapeutics, Inc.",Biotechnology
CYCU,"Cycurion, Inc.",Information Technology Services
CYD,China Yuchai International Limited,Auto Manufacturers
CYH,"Community Health Systems, Inc.",Medical Care Facilities
CYN,Cyngn Inc.,Software - Application
CYRX,"Cryoport, Inc.",Integrated Freight & Logistics
CYTK,"Cytokinetics, Incorporated",Biotechnology
CZFS,"Citizens Financial Services, Inc.",Banks - Regional
CZNC,Citizens & Northern Corporation,Banks - Regional
CZR,"Caesars Entertainment, Inc.",Resorts & Casinos
CZWI,"Citizens Community Bancorp, Inc.",Banks - Regional
D,"Dominion Energy, Inc.",Utilities - Regulated Electric
DAAQ,Digital Asset Acquisition Corp.,Shell Companies
DAC,Danaos Corporation,Marine Shipping
DADA,Dada Nexus Limited,Internet Retail
DAIO,Data I/O Corporation,Electronic Components
DAKT,"Daktronics, Inc.",Electronic Components
DAL,"Delta Air Lines, Inc.",Airlines
DALN,DallasNews Corporation,Publishing
DAN,Dana Incorporated,Auto Parts
DAO,"Youdao, Inc.",Education & Training Services
DAR,Darling Ingredients Inc.,Packaged Foods
DARE,"Daré Bioscience, Inc.",Biotechnology
DASH,"DoorDash, Inc.",Internet Retail
DATS,"DatChat, Inc.",Software - Application
DAVA,Endava plc,Software - Infrastructure
DAVE,Dave Inc.,Software - Application
DAWN,"Day One Biopharmaceuticals, Inc.",Biotechnology
DAY,Dayforce Inc.,Software - Application
DB,Deutsche Bank Aktiengesellschaft,Banks - Regional
DBD,"Diebold Nixdorf, Incorporated",Software - Application
DBI,Designer Brands Inc.,Footwear & Accessories
DBRG,"DigitalBridge Group, Inc.",Asset Management
DBVT,DBV Technologies S.A.,Biotechnology
DBX,"Dropbox, Inc.",Software - Infrastructure
DC,Dakota Gold Corp.,Gold
DCBO,Docebo Inc.,Software - Application
DCGO,DocGo Inc.,Medical Care Facilities
DCI,"Donaldson Company, Inc.",Specialty Industrial Machinery
DCO,Ducommun Incorporated,Aerospace & Defense
DCOM,"Dime Community Bancshares, Inc.",Banks - Regional
DCTH,"Delcath Systems, Inc.",Medical Devices
DD,"DuPont de Nemours, Inc.",Specialty Chemicals
DDC,DDC Enterprise Limited,Packaged Foods
DDD,3D Systems Corporation,Computer Hardware
DDI,"DoubleDown Interactive Co., Ltd.",Electronic Gaming & Multimedia
DDL,Dingdong (Cayman) Limited,Grocery Stores
DDOG,"Datadog, Inc.",Software - Application
DDS,"Dillard's, Inc.",Department Stores
DE,Deere & Company,Farm & Heavy Construction Machinery
DEA,"Easterly Government Properties, Inc.",REIT - Office
DEC,Diversified Energy Company PLC,Oil & Gas Integrated
DECK,Deckers Outdoor Corporation,Footwear & Accessories
DEFT,DeFi Technologies Inc.,Capital Markets
DEI,"Douglas Emmett, Inc.",REIT - Office
DELL,Dell Technologies Inc.,Computer Hardware
DENN,Denny's Corporation,Restaurants
DEO,Diageo plc,Beverages - Wineries & Distilleries
DERM,Journey Medical Corporation,Drug Manufacturers - Specialty & Generic
DEVS,DevvStream Corp.,Pollution & Treatment Controls
DFDV,DeFi Development Corp.,Software - Infrastructure
DFH,"Dream Finders Homes, Inc.",Residential Construction
DFIN,"Donnelley Financial Solutions, Inc.",Software - Application
DFLI,Dragonfly Energy Holdings Corp.,Electrical Equipment & Parts
DG,Dollar General Corporation,Discount Stores
DGIC.A,Donegal Group Inc.,-
DGICA,Donegal Group Inc.,Insurance - Property & Casualty
DGICB,Donegal Group Inc.,Insurance - Property & Casualty
DGII,Digi International Inc.,Communication Equipment
DGLY,"Digital Ally, Inc.",Internet Content & Information
DGNX,Diginex Limited,Consulting Services
DGX,Quest Diagnostics Incorporated,Diagnostics & Research
DGXX,Digi Power X Inc.,Utilities - Independent Power Producers
DH,Definitive Healthcare Corp.,Health Information Services
DHAI,"DIH Holding US, Inc.",Medical Devices
DHC,Diversified Healthcare Trust,REIT - Healthcare Facilities
DHI,"D.R. Horton, Inc.",Residential Construction
DHIL,"Diamond Hill Investment Group, Inc.",Asset Management
DHR,Danaher Corporation,Diagnostics & Research
DHT,"DHT Holdings, Inc.",Oil & Gas Midstream
DHX,"DHI Group, Inc.",Software - Application
DIBS,"1stdibs.Com, Inc.",Internet Retail
DIN,"Dine Brands Global, Inc.",Restaurants
DINO,HF Sinclair Corporation,Oil & Gas Refining & Marketing
DIOD,Diodes Incorporated,Semiconductors
DIS,The Walt Disney Company,Entertainment
DIST,Distoken Acquisition Corporation,Shell Companies
DIT,AMCON Distributing Company,Food Distribution
DJCO,Daily Journal Corporation,Software - Application
DJT,Trump Media & Technology Group Corp.,Internet Content & Information
DK,"Delek US Holdings, Inc.",Oil & Gas Refining & Marketing
DKL,"Delek Logistics Partners, LP",Oil & Gas Refining & Marketing
DKNG,DraftKings Inc.,Gambling
DKS,"DICK'S Sporting Goods, Inc.",Specialty Retail
DLB,"Dolby Laboratories, Inc.",Specialty Business Services
DLHC,DLH Holdings Corp.,Specialty Business Services
DLNG,Dynagas LNG Partners LP,Oil & Gas Midstream
DLO,DLocal Limited,Software - Infrastructure
DLPN,"Dolphin Entertainment, Inc.",Advertising Agencies
DLR,"Digital Realty Trust, Inc.",REIT - Specialty
DLTH,Duluth Holdings Inc.,Apparel Retail
DLTR,"Dollar Tree, Inc.",Discount Stores
DLX,Deluxe Corporation,Conglomerates
DMAA,Drugs Made In America Acquisition Corp.,Shell Companies
DMAC,DiaMedica Therapeutics Inc.,Biotechnology
DMLP,"Dorchester Minerals, L.P.",Oil & Gas Exploration & Production
DMRC,Digimarc Corporation,Software - Application
DMYY,"dMY Squared Technology Group, Inc.",Shell Companies
DNA,"Ginkgo Bioworks Holdings, Inc.",Biotechnology
DNB,"Dun & Bradstreet Holdings, Inc.",Financial Data & Stock Exchanges
DNLI,Denali Therapeutics Inc.,Biotechnology
DNN,Denison Mines Corp.,Uranium
DNOW,DNOW Inc.,Industrial Distribution
DNP,DNP Select Income Fund Inc.,Asset Management - Income
DNTH,"Dianthus Therapeutics, Inc.",Biotechnology
DNUT,"Krispy Kreme, Inc.",Grocery Stores
DOC,"Healthpeak Properties, Inc.",REIT - Healthcare Facilities
DOCN,"DigitalOcean Holdings, Inc.",Software - Infrastructure
DOCS,"Doximity, Inc.",Health Information Services
DOCU,"DocuSign, Inc.",Software - Application
DOGZ,Dogness (International) Corporation,Leisure
DOLE,Dole plc,Farm Products
DOMH,Dominari Holdings Inc.,Capital Markets
DOMO,"Domo, Inc.",Software - Application
DOOO,BRP Inc.,Recreational Vehicles
DORM,"Dorman Products, Inc.",Auto Parts
DOUG,Douglas Elliman Inc.,Real Estate Services
DOV,Dover Corporation,Specialty Industrial Machinery
DOW,Dow Inc.,Chemicals
DOX,Amdocs Limited,Software - Infrastructure
DOYU,DouYu International Holdings Limited,Internet Content & Information
DPRO,Draganfly Inc.,Aerospace & Defense
DPZ,"Domino's Pizza, Inc.",Restaurants
DQ,Daqo New Energy Corp.,Semiconductor Equipment & Materials
DRCT,"Direct Digital Holdings, Inc.",Advertising Agencies
DRD,DRDGOLD Limited,Gold
DRDB,Roman DBDR Acquisition Corp. II,Shell Companies
DRH,DiamondRock Hospitality Company,REIT - Hotel & Motel
DRI,"Darden Restaurants, Inc.",Restaurants
DRIO,DarioHealth Corp.,Health Information Services
DRMA,"Dermata Therapeutics, Inc.",Biotechnology
DRRX,DURECT Corporation,Drug Manufacturers - Specialty & Generic
DRS,"Leonardo DRS, Inc.",Aerospace & Defense
DRTS,Alpha Tau Medical Ltd.,Biotechnology
DRUG,Bright Minds Biosciences Inc.,Biotechnology
DRVN,Driven Brands Holdings Inc.,Auto & Truck Dealerships
DSGN,"Design Therapeutics, Inc.",Biotechnology
DSGR,"Distribution Solutions Group, Inc.",Industrial Distribution
DSGX,The Descartes Systems Group Inc.,Software - Application
DSL,DoubleLine Income Solutions Fund,Asset Management - Income
DSP,Viant Technology Inc.,Software - Application
DSS,"DSS, Inc.",Packaging & Containers
DSWL,"Deswell Industries, Inc.",Electronic Components
DSX,Diana Shipping Inc.,Marine Shipping
DSY,Big Tree Cloud Holdings Limited,Household & Personal Products
DT,"Dynatrace, Inc.",Software - Application
DTCK,Davis Commodities Limited,Farm Products
DTE,DTE Energy Company,Utilities - Regulated Electric
DTI,Drilling Tools International Corporation,Oil & Gas Equipment & Services
DTIL,"Precision BioSciences, Inc.",Biotechnology
DTM,"DT Midstream, Inc.",Oil & Gas Midstream
DTSQ,DT Cloud Star Acquisition Corporation,Shell Companies
DTSS,,
DTST,Data Storage Corporation,Information Technology Services
DUK,Duke Energy Corporation,Utilities - Regulated Electric
DUO,Fangdd Network Group Ltd.,Real Estate Services
DUOL,"Duolingo, Inc.",Software - Application
DUOT,"Duos Technologies Group, Inc.",Software - Application
DV,"DoubleVerify Holdings, Inc.",Software - Application
DVA,DaVita Inc.,Medical Care Facilities
DVAX,Dynavax Technologies Corporation,Drug Manufacturers - Specialty & Generic
DVLT,Datavault AI Inc.,Software - Infrastructure
DVN,Devon Energy Corporation,Oil & Gas Exploration & Production
DVS,Dolly Varden Silver Corporation,Silver
DWSN,Dawson Geophysical Company,Oil & Gas Equipment & Services
DWTX,"Dogwood Therapeutics, Inc.",Biotechnology
DX,"Dynex Capital, Inc.",REIT - Mortgage
DXC,DXC Technology Company,Information Technology Services
DXCM,"DexCom, Inc.",Medical Devices
DXF,Eason Technology Limited,Credit Services
DXLG,"Destination XL Group, Inc.",Apparel Retail
DXPE,"DXP Enterprises, Inc.",Industrial Distribution
DXR,Daxor Corporation,Medical Instruments & Supplies
DXST,Decent Holding Inc.,Waste Management
DY,"Dycom Industries, Inc.",Engineering & Construction
DYAI,"Dyadic International, Inc.",Biotechnology
DYCQ,DT Cloud Acquisition Corporation,Shell Companies
DYN,"Dyne Therapeutics, Inc.",Biotechnology
DYNX,Dynamix Corporation,Shell Companies
E,Eni S.p.A.,Oil & Gas Integrated
EA,Electronic Arts Inc.,Electronic Gaming & Multimedia
EAF,GrafTech International Ltd.,Electrical Equipment & Parts
EARN,Ellington Credit Company,Asset Management
EAT,"Brinker International, Inc.",Restaurants
EB,"Eventbrite, Inc.",Internet Content & Information
EBAY,eBay Inc.,Internet Retail
EBC,"Eastern Bankshares, Inc.",Banks - Regional
EBF,"Ennis, Inc.",Business Equipment & Supplies
EBMT,"Eagle Bancorp Montana, Inc.",Banks - Regional
EBON,Ebang International Holdings Inc.,Computer Hardware
EBR,Centrais Elétricas Brasileiras S.A. - Eletrobrás,Utilities - Renewable
EBS,Emergent BioSolutions Inc.,Drug Manufacturers - Specialty & Generic
EBTC,"Enterprise Bancorp, Inc.",Banks - Regional
EC,Ecopetrol S.A.,Oil & Gas Integrated
ECBK,"ECB Bancorp, Inc.",Banks - Regional
ECC,Eagle Point Credit Company Inc.,Asset Management
ECDA,"ECD Automotive Design, Inc.",Auto Manufacturers
ECG,"Everus Construction Group, Inc.",Engineering & Construction
ECL,Ecolab Inc.,Specialty Chemicals
ECO,Okeanis Eco Tankers Corp.,Marine Shipping
ECOR,"electroCore, Inc.",Medical Devices
ECPG,"Encore Capital Group, Inc.",Credit Services
ECVT,Ecovyst Inc.,Specialty Chemicals
ECX,ECARX Holdings Inc.,Auto Parts
ED,"Consolidated Edison, Inc.",Utilities - Regulated Electric
EDAP,EDAP TMS S.A.,Medical Distribution
EDBL,Edible Garden AG Incorporated,Farm Products
EDHL,Everbright Digital Holding Limited,Advertising Agencies
EDIT,"Editas Medicine, Inc.",Biotechnology
EDN,Empresa Distribuidora y Comercializadora Norte Sociedad Anónima,Utilities - Regulated Electric
EDRY,EuroDry Ltd.,Marine Shipping
EDSA,"Edesa Biotech, Inc.",Biotechnology
EDTK,Skillful Craftsman Education Technology Limited,Education & Training Services
EDU,New Oriental Education & Technology Group Inc.,Education & Training Services
EDUC,Educational Development Corporation,Publishing
EE,"Excelerate Energy, Inc.",Oil & Gas Midstream
EEFT,"Euronet Worldwide, Inc.",Software - Infrastructure
EEIQ,EpicQuest Education Group International Limited,Education & Training Services
EEX,"Emerald Holding, Inc.",Advertising Agencies
EFC,Ellington Financial Inc.,REIT - Mortgage
EFOI,"Energy Focus, Inc.","Furnishings, Fixtures & Appliances"
EFSC,Enterprise Financial Services Corp,Banks - Regional
EFSI,"Eagle Financial Services, Inc.",Banks - Regional
EFX,Equifax Inc.,Consulting Services
EFXT,Enerflex Ltd.,Oil & Gas Equipment & Services
EG,"Everest Group, Ltd.",Insurance - Reinsurance
EGAN,eGain Corporation,Software - Application
EGBN,"Eagle Bancorp, Inc.",Banks - Regional
EGHA,EGH Acquisition Corp.,Shell Companies
EGHT,"8x8, Inc.",Software - Application
EGO,Eldorado Gold Corporation,Gold
EGP,"EastGroup Properties, Inc.",REIT - Industrial
EGY,"VAALCO Energy, Inc.",Oil & Gas Exploration & Production
EH,EHang Holdings Limited,Aerospace & Defense
EHAB,"Enhabit, Inc.",Medical Care Facilities
EHC,Encompass Health Corporation,Medical Care Facilities
EHGO,Eshallgo Inc.,Business Equipment & Supplies
EHLD,Euroholdings Ltd.,Marine Shipping
EHTH,"eHealth, Inc.",Insurance Brokers
EIC,Eagle Point Income Company Inc.,Asset Management
EICC,Eagle Point Income Company Inc.,Asset Management
EIG,"Employers Holdings, Inc.",Insurance - Specialty
EIX,Edison International,Utilities - Regulated Electric
EJH,E-Home Household Service Holdings Limited,Personal Services
EKSO,"Ekso Bionics Holdings, Inc.",Medical Instruments & Supplies
EL,The Estée Lauder Companies Inc.,Household & Personal Products
ELA,Envela Corporation,Luxury Goods
ELAB,PMGC Holdings Inc.,Biotechnology
ELAN,Elanco Animal Health Incorporated,Drug Manufacturers - Specialty & Generic
ELBM,Electra Battery Materials Corporation,Other Industrial Metals & Mining
ELDN,"Eledon Pharmaceuticals, Inc.",Biotechnology
ELEV,"Elevation Oncology, Inc.",Biotechnology
ELF,"e.l.f. Beauty, Inc.",Household & Personal Products
ELLO,Ellomay Capital Ltd.,Utilities - Renewable
ELMD,"Electromed, Inc.",Medical Devices
ELME,Elme Communities,REIT - Residential
ELP,Companhia Paranaense de Energia - COPEL,Utilities - Regulated Electric
ELPC,Companhia Paranaense de Energia - COPEL,Utilities - Regulated Electric
ELPW,Elong Power Holding Limited,Electrical Equipment & Parts
ELS,"Equity LifeStyle Properties, Inc.",REIT - Residential
ELSE,"Electro-Sensors, Inc.",Scientific & Technical Instruments
ELTK,Eltek Ltd.,Electronic Components
ELTX,"Elicio Therapeutics, Inc.",Biotechnology
ELUT,Elutia Inc.,Medical Devices
ELV,"Elevance Health, Inc.",Healthcare Plans
ELVA,Electrovaya Inc.,Electrical Equipment & Parts
ELVN,"Enliven Therapeutics, Inc.",Biotechnology
ELWS,"Earlyworks Co., Ltd",Software - Application
EM,Smart Share Global Limited,Personal Services
EMA,Emera Incorporated,Other
EMBC,Embecta Corp.,Medical Instruments & Supplies
EMCG,Embrace Change Acquisition Corp.,Shell Companies
EME,"EMCOR Group, Inc.",Engineering & Construction
EML,The Eastern Company,Tools & Accessories
EMN,Eastman Chemical Company,Specialty Chemicals
EMR,Emerson Electric Co.,Specialty Industrial Machinery
EMX,EMX Royalty Corporation,Other Industrial Metals & Mining
ENB,Enbridge Inc.,Oil & Gas Midstream
ENFY,Enlightify Inc.,Agricultural Inputs
ENGN,enGene Holdings Inc.,Biotechnology
ENGNW,enGene Holdings Inc.,Biotechnology
ENGS,Energys Group Limited,Electrical Equipment & Parts
ENIC,Enel Chile S.A.,Utilities - Regulated Electric
ENLT,Enlight Renewable Energy Ltd,Utilities - Renewable
ENLV,Enlivex Therapeutics Ltd.,Biotechnology
ENOV,Enovis Corporation,Medical Devices
ENPH,"Enphase Energy, Inc.",Solar
ENR,"Energizer Holdings, Inc.",Electrical Equipment & Parts
ENS,EnerSys,Electrical Equipment & Parts
ENSC,"Ensysce Biosciences, Inc.",Biotechnology
ENSG,"The Ensign Group, Inc.",Medical Care Facilities
ENTA,"Enanta Pharmaceuticals, Inc.",Biotechnology
ENTG,"Entegris, Inc.",Semiconductor Equipment & Materials
ENTO,"Entero Therapeutics, Inc.",Biotechnology
ENTX,Entera Bio Ltd.,Biotechnology
ENVA,"Enova International, Inc.",Credit Services
ENVB,"Enveric Biosciences, Inc.",Biotechnology
ENVX,Enovix Corporation,Electrical Equipment & Parts
EOG,"EOG Resources, Inc.",Oil & Gas Exploration & Production
EOLS,"Evolus, Inc.",Drug Manufacturers - Specialty & Generic
EONR,EON Resources Inc.,Oil & Gas Exploration & Production
EOSE,"Eos Energy Enterprises, Inc.",Electrical Equipment & Parts
EP,Empire Petroleum Corporation,Oil & Gas Exploration & Production
EPAC,Enerpac Tool Group Corp.,Specialty Industrial Machinery
EPAM,"EPAM Systems, Inc.",Information Technology Services
EPC,Edgewell Personal Care Company,Household & Personal Products
EPD,Enterprise Products Partners L.P.,Oil & Gas Midstream
EPIX,ESSA Pharma Inc.,Biotechnology
EPM,Evolution Petroleum Corporation,Oil & Gas Exploration & Production
EPOW,"Sunrise New Energy Co., Ltd.",Electrical Equipment & Parts
EPR,EPR Properties,REIT - Specialty
EPRT,"Essential Properties Realty Trust, Inc.",REIT - Retail
EPRX,Eupraxia Pharmaceuticals Inc.,Biotechnology
EPSM,Epsium Enterprise Limited,Beverages - Wineries & Distilleries
EPSN,Epsilon Energy Ltd.,Oil & Gas Exploration & Production
EPWK,EPWK Holdings Ltd.,Software - Application
EQ,"Equillium, Inc.",Biotechnology
EQBK,"Equity Bancshares, Inc.",Banks - Regional
EQH,"Equitable Holdings, Inc.",Asset Management
EQIX,"Equinix, Inc.",REIT - Specialty
EQNR,Equinor ASA,Oil & Gas Integrated
EQR,Equity Residential,REIT - Residential
EQS,"Equus Total Return, Inc.",Asset Management
EQT,EQT Corporation,Oil & Gas Exploration & Production
EQV,EQV Ventures Acquisition Corp.,Shell Companies
EQX,Equinox Gold Corp.,Gold
ERAS,"Erasca, Inc.",Biotechnology
ERIC,Telefonaktiebolaget LM Ericsson (publ),Communication Equipment
ERIE,Erie Indemnity Company,Insurance Brokers
ERII,"Energy Recovery, Inc.",Pollution & Treatment Controls
ERJ,Embraer S.A.,Aerospace & Defense
ERNA,Ernexa Therapeutics Inc.,Biotechnology
ERO,Ero Copper Corp.,Copper
ES,Eversource Energy,Utilities - Regulated Electric
ESAB,ESAB Corporation,Metal Fabrication
ESBA,"Empire State Realty OP, L.P.",REIT - Office
ESCA,"Escalade, Incorporated",Leisure
ESE,ESCO Technologies Inc.,Scientific & Technical Instruments
ESEA,Euroseas Ltd.,Marine Shipping
ESGL,ESGL Holdings Limited,Waste Management
ESGR,Enstar Group Limited,Insurance - Diversified
ESHA,ESH Acquisition Corp.,Shell Companies
ESI,Element Solutions Inc,Specialty Chemicals
ESLA,"Estrella Immunopharma, Inc.",Biotechnology
ESLT,Elbit Systems Ltd.,Aerospace & Defense
ESNT,Essent Group Ltd.,Insurance - Specialty
ESOA,Energy Services of America Corporation,Engineering & Construction
ESP,Espey Mfg. & Electronics Corp.,Electrical Equipment & Parts
ESPR,"Esperion Therapeutics, Inc.",Drug Manufacturers - Specialty & Generic
ESQ,"Esquire Financial Holdings, Inc.",Banks - Regional
ESRT,"Empire State Realty Trust, Inc.",REIT - Diversified
ESS,"Essex Property Trust, Inc.",REIT - Residential
ESSA,"ESSA Bancorp, Inc.",Banks - Regional
ESTA,Establishment Labs Holdings Inc.,Medical Devices
ESTC,Elastic N.V.,Software - Application
ET,Energy Transfer LP,Oil & Gas Midstream
ETD,Ethan Allen Interiors Inc.,"Furnishings, Fixtures & Appliances"
ETN,Eaton Corporation plc,Specialty Industrial Machinery
ETNB,"89bio, Inc.",Biotechnology
ETON,"Eton Pharmaceuticals, Inc.",Drug Manufacturers - Specialty & Generic
ETOR,eToro Group Ltd.,Capital Markets
ETR,Entergy Corporation,Utilities - Regulated Electric
ETSY,"Etsy, Inc.",Internet Retail
ETWO,"E2open Parent Holdings, Inc.",Software - Application
EU,enCore Energy Corp.,Uranium
EUDA,EUDA Health Holdings Limited,Real Estate Services
EURK,Eureka Acquisition Corp,Shell Companies
EVAX,Evaxion A/S,Biotechnology
EVC,Entravision Communications Corporation,Advertising Agencies
EVCM,EverCommerce Inc.,Software - Infrastructure
EVER,"EverQuote, Inc.",Internet Content & Information
EVEX,"Eve Holding, Inc.",Aerospace & Defense
EVGN,Evogene Ltd.,Biotechnology
EVGO,"EVgo, Inc.",Specialty Retail
EVH,"Evolent Health, Inc.",Health Information Services
EVI,"EVI Industries, Inc.",Industrial Distribution
EVLV,"Evolv Technologies Holdings, Inc.",Security & Protection Services
EVO,Evotec SE,Drug Manufacturers - Specialty & Generic
EVOK,"Evoke Pharma, Inc.",Drug Manufacturers - Specialty & Generic
EVR,Evercore Inc.,Capital Markets
EVRG,"Evergy, Inc.",Utilities - Regulated Electric
EVRI,Everi Holdings Inc.,Gambling
EVT,Eaton Vance Tax-Advantaged Dividend Income Fund,Asset Management - Income
EVTC,"EVERTEC, Inc.",Software - Infrastructure
EVTL,Vertical Aerospace Ltd.,Aerospace & Defense
EVTV,"Envirotech Vehicles, Inc.",Auto Manufacturers
EW,Edwards Lifesciences Corporation,Medical Devices
EWBC,"East West Bancorp, Inc.",Banks - Regional
EWCZ,"European Wax Center, Inc.",Household & Personal Products
EWTX,"Edgewise Therapeutics, Inc.",Biotechnology
EXAS,Exact Sciences Corporation,Diagnostics & Research
EXC,Exelon Corporation,Utilities - Regulated Electric
EXE,Expand Energy Corporation,Oil & Gas Exploration & Production
EXEL,"Exelixis, Inc.",Biotechnology
EXFY,"Expensify, Inc.",Software - Application
EXK,Endeavour Silver Corp.,Silver
EXLS,"ExlService Holdings, Inc.",Information Technology Services
EXOD,"Exodus Movement, Inc.",Software - Infrastructure
EXOZ,"eXoZymes, Inc.",Biotechnology
EXP,Eagle Materials Inc.,Building Materials
EXPD,"Expeditors International of Washington, Inc.",Integrated Freight & Logistics
EXPE,"Expedia Group, Inc.",Travel Services
EXPI,"eXp World Holdings, Inc.",Real Estate Services
EXPO,"Exponent, Inc.",Engineering & Construction
EXR,Extra Space Storage Inc.,REIT - Industrial
EXTR,"Extreme Networks, Inc.",Communication Equipment
EYE,"National Vision Holdings, Inc.",Specialty Retail
EYEN,"Eyenovia, Inc.",Biotechnology
EYPT,"EyePoint Pharmaceuticals, Inc.",Biotechnology
EZGO,EZGO Technologies Ltd.,Recreational Vehicles
EZPW,"EZCORP, Inc.",Credit Services
F,Ford Motor Company,Auto Manufacturers
FA,First Advantage Corporation,Specialty Business Services
FAAS,DigiAsia Corp.,Software - Infrastructure
FACT,FACT II Acquisition Corp,Shell Companies
FAF,First American Financial Corporation,Insurance - Specialty
FAMI,"Farmmi, Inc.",Packaged Foods
FANG,"Diamondback Energy, Inc.",Oil & Gas Exploration & Production
FARM,Farmer Bros. Co.,Packaged Foods
FARO,"FARO Technologies, Inc.",Scientific & Technical Instruments
FAST,Fastenal Company,Industrial Distribution
FAT,FAT Brands Inc.,Restaurants
FATBB,FAT Brands Inc.,Restaurants
FATE,"Fate Therapeutics, Inc.",Biotechnology
FATN,"FatPipe, Inc.",Software - Infrastructure
FBGL,FBS Global Limited,Engineering & Construction
FBIN,"Fortune Brands Innovations, Inc.",Building Products & Equipment
FBIO,"Fortress Biotech, Inc.",Biotechnology
FBIZ,"First Business Financial Services, Inc.",Banks - Regional
FBK,FB Financial Corporation,Banks - Regional
FBLA,"FB Bancorp, Inc.",Banks - Regional
FBLG,"FibroBiologics, Inc.",Biotechnology
FBNC,First Bancorp,Banks - Regional
FBP,First BanCorp.,Banks - Regional
FBRT,"Franklin BSP Realty Trust, Inc.",REIT - Mortgage
FBRX,"Forte Biosciences, Inc.",Biotechnology
FBYD,"Falcon's Beyond Global, Inc.",Conglomerates
FC,Franklin Covey Co.,Education & Training Services
FCAP,"First Capital, Inc.",Banks - Regional
FCBC,"First Community Bankshares, Inc.",Banks - Regional
FCCO,First Community Corporation,Banks - Regional
FCEL,"FuelCell Energy, Inc.",Electrical Equipment & Parts
FCF,First Commonwealth Financial Corporation,Banks - Regional
FCFS,"FirstCash Holdings, Inc.",Credit Services
FCN,"FTI Consulting, Inc.",Consulting Services
FCNCA,"First Citizens BancShares, Inc.",Banks - Regional
FCNCO,"First Citizens BancShares, Inc.",Banks - Regional
FCPT,"Four Corners Property Trust, Inc.",REIT - Retail
FCUV,Focus Universal Inc.,Scientific & Technical Instruments
FCX,Freeport-McMoRan Inc.,Copper
FDBC,"Fidelity D & D Bancorp, Inc.",Banks - Regional
FDMT,"4D Molecular Therapeutics, Inc.",Biotechnology
FDP,Fresh Del Monte Produce Inc.,Farm Products
FDS,FactSet Research Systems Inc.,Financial Data & Stock Exchanges
FDSB,"Fifth District Bancorp, Inc.",Banks - Regional
FDUS,Fidus Investment Corporation,Asset Management
FDX,FedEx Corporation,Integrated Freight & Logistics
FE,FirstEnergy Corp.,Utilities - Regulated Electric
FEAM,"5E Advanced Materials, Inc.",Specialty Chemicals
FEBO,Fenbo Holdings Limited,Consumer Electronics
FEDU,Four Seasons Education (Cayman) Inc.,Education & Training Services
FEIM,"Frequency Electronics, Inc.",Communication Equipment
FELE,"Franklin Electric Co., Inc.",Specialty Industrial Machinery
FEMY,Femasys Inc.,Medical Instruments & Supplies
FENC,Fennec Pharmaceuticals Inc.,Biotechnology
FENG,Phoenix New Media Limited,Internet Content & Information
FER,Ferrovial SE,Engineering & Construction
FERA,Fifth Era Acquisition Corp I,Shell Companies
FERG,Ferguson Enterprises Inc.,Industrial Distribution
FET,"Forum Energy Technologies, Inc.",Oil & Gas Equipment & Services
FF,FutureFuel Corp.,Specialty Chemicals
FFAI,Faraday Future Intelligent Electric Inc.,Auto Manufacturers
FFBC,First Financial Bancorp.,Banks - Regional
FFIC,Flushing Financial Corporation,Banks - Regional
FFIN,"First Financial Bankshares, Inc.",Banks - Regional
FFIV,"F5, Inc.",Software - Infrastructure
FFWM,First Foundation Inc.,Banks - Regional
FG,"F&G Annuities & Life, Inc.",Insurance - Life
FGBI,"First Guaranty Bancshares, Inc.",Banks - Regional
FGEN,"FibroGen, Inc.",Biotechnology
FGF,Fundamental Global Inc.,Insurance - Diversified
FGI,FGI Industries Ltd.,"Furnishings, Fixtures & Appliances"
FGL,Founder Group Limited,Engineering & Construction
FGMC,FG Merger II Corp.,Shell Companies
FHB,"First Hawaiian, Inc.",Banks - Regional
FHI,"Federated Hermes, Inc.",Asset Management
FHN,First Horizon Corporation,Banks - Regional
FHTX,Foghorn Therapeutics Inc.,Biotechnology
FI,"Fiserv, Inc.",Information Technology Services
FIBK,"First Interstate BancSystem, Inc.",Banks - Regional
FICO,Fair Isaac Corporation,Software - Application
FIGS,"FIGS, Inc.",Apparel Manufacturing
FIHL,Fidelis Insurance Holdings Limited,Insurance - Diversified
FINV,FinVolution Group,Credit Services
FINW,FinWise Bancorp,Banks - Regional
FIP,FTAI Infrastructure Inc.,Conglomerates
FIS,"Fidelity National Information Services, Inc.",Information Technology Services
FISI,"Financial Institutions, Inc.",Banks - Regional
FITB,Fifth Third Bancorp,Banks - Regional
FIVE,"Five Below, Inc.",Specialty Retail
FIVN,"Five9, Inc.",Software - Infrastructure
FIX,"Comfort Systems USA, Inc.",Engineering & Construction
FIZZ,National Beverage Corp.,Beverages - Non-Alcoholic
FKWL,Franklin Wireless Corp.,Communication Equipment
FL,"Foot Locker, Inc.",Apparel Retail
FLD,"Fold Holdings, Inc.",Capital Markets
FLEX,Flex Ltd.,Electronic Components
FLG,"Flagstar Financial, Inc.",Banks - Regional
FLGC,Flora Growth Corp.,Drug Manufacturers - Specialty & Generic
FLGT,"Fulgent Genetics, Inc.",Diagnostics & Research
FLL,"Full House Resorts, Inc.",Resorts & Casinos
FLNC,"Fluence Energy, Inc.",Utilities - Renewable
FLNG,FLEX LNG Ltd.,Oil & Gas Midstream
FLNT,"Fluent, Inc.",Advertising Agencies
FLO,"Flowers Foods, Inc.",Packaged Foods
FLOC,Flowco Holdings Inc.,Oil & Gas Equipment & Services
FLR,Fluor Corporation,Engineering & Construction
FLS,Flowserve Corporation,Specialty Industrial Machinery
FLUT,Flutter Entertainment plc,Gambling
FLUX,"Flux Power Holdings, Inc.",Electrical Equipment & Parts
FLWS,"1-800-FLOWERS.COM, Inc.",Specialty Retail
FLX,BingEx Limited,Integrated Freight & Logistics
FLXS,"Flexsteel Industries, Inc.","Furnishings, Fixtures & Appliances"
FLYE,"Fly-E Group, Inc.",Auto Manufacturers
FLYW,Flywire Corporation,Software - Infrastructure
FLYX,"flyExclusive, Inc.",Airlines
FLYY,"Spirit Aviation Holdings, Inc.",Airlines
FMAO,"Farmers & Merchants Bancorp, Inc.",Banks - Regional
FMBH,"First Mid Bancshares, Inc.",Banks - Regional
FMC,FMC Corporation,Agricultural Inputs
FMNB,Farmers National Banc Corp.,Banks - Regional
FMS,Fresenius Medical Care AG,Medical Care Facilities
FMST,Foremost Clean Energy Ltd.,Other Industrial Metals & Mining
FMTO,Femto Technologies Inc.,Software - Application
FMX,"Fomento Económico Mexicano, S.A.B. de C.V.",Beverages - Brewers
FN,Fabrinet,Electronic Components
FNB,F.N.B. Corporation,Banks - Regional
FND,"Floor & Decor Holdings, Inc.",Home Improvement Retail
FNF,"Fidelity National Financial, Inc.",Insurance - Specialty
FNGR,"FingerMotion, Inc.",Telecom Services
FNKO,"Funko, Inc.",Leisure
FNLC,"The First Bancorp, Inc.",Banks - Regional
FNV,Franco-Nevada Corporation,Gold
FNWB,First Northwest Bancorp,Banks - Regional
FNWD,Finward Bancorp,Banks - Regional
FOA,Finance of America Companies Inc.,Credit Services
FOLD,"Amicus Therapeutics, Inc.",Biotechnology
FONR,FONAR Corporation,Diagnostics & Research
FOR,Forestar Group Inc.,Real Estate - Development
FORA,Forian Inc.,Health Information Services
FORD,"Forward Industries, Inc.",Footwear & Accessories
FORL,Four Leaf Acquisition Corporation,Shell Companies
FORM,"FormFactor, Inc.",Semiconductor Equipment & Materials
FORR,"Forrester Research, Inc.",Consulting Services
FORTY,Formula Systems (1985) Ltd.,Information Technology Services
FOSL,"Fossil Group, Inc.",Footwear & Accessories
FOUR,"Shift4 Payments, Inc.",Software - Infrastructure
FOX,Fox Corporation,Entertainment
FOXA,Fox Corporation,Entertainment
FOXF,Fox Factory Holding Corp.,Auto Parts
FOXO,FOXO Technologies Inc.,Health Information Services
FOXX,Foxx Development Holdings Inc.,Consumer Electronics
FPAY,"FlexShopper, Inc.",Rental & Leasing Services
FPH,"Five Point Holdings, LLC",Real Estate - Development
FPI,Farmland Partners Inc.,REIT - Specialty
FR,"First Industrial Realty Trust, Inc.",REIT - Industrial
FRAF,Franklin Financial Services Corporation,Banks - Regional
FRBA,First Bank,Banks - Regional
FRD,"Friedman Industries, Incorporated",Steel
FRGE,"Forge Global Holdings, Inc.",Capital Markets
FRGT,"Freight Technologies, Inc.",Software - Application
FRHC,Freedom Holding Corp.,Financial Conglomerates
FRME,First Merchants Corporation,Banks - Regional
FRO,Frontline plc,Oil & Gas Midstream
FROG,JFrog Ltd.,Software - Application
FRPH,"FRP Holdings, Inc.",Real Estate Services
FRPT,"Freshpet, Inc.",Packaged Foods
FRSH,Freshworks Inc.,Software - Application
FRST,Primis Financial Corp.,Banks - Regional
FRSX,Foresight Autonomous Holdings Ltd.,Auto Parts
FRT,Federal Realty Investment Trust,REIT - Retail
FSBC,Five Star Bancorp,Banks - Regional
FSBW,"FS Bancorp, Inc.",Banks - Regional
FSEA,"First Seacoast Bancorp, Inc.",Banks - Regional
FSFG,"First Savings Financial Group, Inc.",Banks - Regional
FSHP,Flag Ship Acquisition Corporation,Shell Companies
FSI,"Flexible Solutions International, Inc.",Specialty Chemicals
FSK,FS KKR Capital Corp.,Asset Management
FSLR,"First Solar, Inc.",Solar
FSLY,"Fastly, Inc.",Software - Application
FSM,Fortuna Mining Corp.,Gold
FSP,Franklin Street Properties Corp.,REIT - Office
FSS,Federal Signal Corporation,Pollution & Treatment Controls
FSTR,L.B. Foster Company,Railroads
FSUN,FirstSun Capital Bancorp,Banks - Regional
FSV,FirstService Corporation,Real Estate Services
FTAI,FTAI Aviation Ltd.,Rental & Leasing Services
FTCI,"FTC Solar, Inc.",Solar
FTDR,"Frontdoor, Inc.",Personal Services
FTEK,"Fuel Tech, Inc.",Pollution & Treatment Controls
FTEL,Fitell Corporation,Specialty Retail
FTFT,Future FinTech Group Inc.,Software - Application
FTHM,Fathom Holdings Inc.,Real Estate Services
FTI,TechnipFMC plc,Oil & Gas Equipment & Services
FTK,"Flotek Industries, Inc.",Oil & Gas Equipment & Services
FTLF,"FitLife Brands, Inc.",Packaged Foods
FTNT,"Fortinet, Inc.",Software - Infrastructure
FTRE,Fortrea Holdings Inc.,Biotechnology
FTRK,Fast Track Group,Advertising Agencies
FTS,Fortis Inc.,Utilities - Regulated Electric
FTV,Fortive Corporation,Scientific & Technical Instruments
FUBO,fuboTV Inc.,Broadcasting
FUFU,BitFuFu Inc.,Capital Markets
FUL,H.B. Fuller Company,Specialty Chemicals
FULC,"Fulcrum Therapeutics, Inc.",Biotechnology
FULT,Fulton Financial Corporation,Banks - Regional
FUN,Six Flags Entertainment Corporation,Leisure
FUNC,First United Corporation,Banks - Regional
FURY,Fury Gold Mines Limited,Other Industrial Metals & Mining
FUSB,"First US Bancshares, Inc.",Banks - Regional
FUTU,Futu Holdings Limited,Capital Markets
FVCB,"FVCBankcorp, Inc.",Banks - Regional
FVN,Future Vision II Acquisition Corp.,Shell Companies
FVR,"FrontView REIT, Inc.",REIT - Diversified
FVRR,Fiverr International Ltd.,Internet Content & Information
FWON.K,Formula One Group,-
FWONA,Formula One Group,Entertainment
FWONK,Formula One Group,Entertainment
FWRD,Forward Air Corporation,Integrated Freight & Logistics
FWRG,"First Watch Restaurant Group, Inc.",Restaurants
FXNC,First National Corporation,Banks - Regional
FYBR,"Frontier Communications Parent, Inc.",Telecom Services
G,Genpact Limited,Information Technology Services
GABC,"German American Bancorp, Inc.",Banks - Regional
GAIA,"Gaia, Inc.",Entertainment
GAIN,Gladstone Investment Corporation,Asset Management
GALT,Galectin Therapeutics Inc.,Biotechnology
GAMB,Gambling.com Group Limited,Gambling
GAME,"GameSquare Holdings, Inc.",Electronic Gaming & Multimedia
GANX,"Gain Therapeutics, Inc.",Biotechnology
GAP,"The Gap, Inc.",Apparel Retail
GASS,StealthGas Inc.,Marine Shipping
GATX,GATX Corporation,Rental & Leasing Services
GAU,Galiano Gold Inc.,Gold
GAUZ,Gauzy Ltd.,Electronic Components
GB,Global Blue Group Holding AG,Software - Infrastructure
GBCI,"Glacier Bancorp, Inc.",Banks - Regional
GBDC,"Golub Capital BDC, Inc.",Asset Management
GBFH,GBank Financial Holdings Inc.,Banks - Regional
GBIO,Generation Bio Co.,Biotechnology
GBLI,"Global Indemnity Group, LLC",Insurance - Property & Casualty
GBR,"New Concept Energy, Inc.",Real Estate Services
GBTG,,
GBX,"The Greenbrier Companies, Inc.",Railroads
GCBC,"Greene County Bancorp, Inc.",Banks - Regional
GCI,"Gannett Co., Inc.",Publishing
GCL,GCL Global Holdings Ltd,Electronic Gaming & Multimedia
GCMG,GCM Grosvenor Inc.,Asset Management
GCO,Genesco Inc.,Apparel Retail
GCT,GigaCloud Technology Inc.,Software - Infrastructure
GCTK,"GlucoTrack, Inc.",Medical Instruments & Supplies
GCTS,"GCT Semiconductor Holding, Inc.",Semiconductors
GD,General Dynamics Corporation,Aerospace & Defense
GDC,GD Culture Group Limited,Electronic Gaming & Multimedia
GDDY,GoDaddy Inc.,Software - Infrastructure
GDEN,"Golden Entertainment, Inc.",Resorts & Casinos
GDEV,GDEV Inc.,Electronic Gaming & Multimedia
GDHG,Golden Heaven Group Holdings Ltd.,Leisure
GDOT,Green Dot Corporation,Credit Services
GDRX,"GoodRx Holdings, Inc.",Health Information Services
GDS,GDS Holdings Limited,Information Technology Services
GDTC,CytoMed Therapeutics Limited,Biotechnology
GDYN,"Grid Dynamics Holdings, Inc.",Information Technology Services
GE,General Electric Company,Aerospace & Defense
GECC,Great Elm Capital Corp.,Asset Management
GEF,"Greif, Inc.",Packaging & Containers
GEF.B,"Greif, Inc.",Packaging & Containers
GEG,"Great Elm Group, Inc.",Asset Management
GEHC,GE HealthCare Technologies Inc.,Health Information Services
GEL,"Genesis Energy, L.P.",Oil & Gas Midstream
GELS,Gelteq Limited,Drug Manufacturers - Specialty & Generic
GEN,Gen Digital Inc.,Software - Infrastructure
GENC,"Gencor Industries, Inc.",Farm & Heavy Construction Machinery
GENI,Genius Sports Limited,Internet Content & Information
GENK,"GEN Restaurant Group, Inc.",Restaurants
GEO,"The GEO Group, Inc.",Security & Protection Services
GEOS,Geospace Technologies Corporation,Oil & Gas Equipment & Services
GERN,Geron Corporation,Biotechnology
GES,"Guess?, Inc.",Apparel Retail
GETY,"Getty Images Holdings, Inc.",Internet Content & Information
GEV,GE Vernova Inc.,Specialty Industrial Machinery
GEVO,"Gevo, Inc.",Specialty Chemicals
GFAI,"Guardforce AI Co., Limited",Security & Protection Services
GFF,Griffon Corporation,Building Products & Equipment
GFI,Gold Fields Limited,Gold
GFL,GFL Environmental Inc.,Waste Management
GFR,Greenfire Resources Ltd.,Oil & Gas Exploration & Production
GFS,GlobalFoundries Inc.,Semiconductors
GGAL,Grupo Financiero Galicia S.A.,Banks - Regional
GGB,Gerdau S.A.,Steel
GGG,Graco Inc.,Specialty Industrial Machinery
GGR,Gogoro Inc.,Auto Manufacturers
GH,"Guardant Health, Inc.",Diagnostics & Research
GHC,Graham Holdings Company,Education & Training Services
GHG,GreenTree Hospitality Group Ltd.,Lodging
GHI,Greystone Housing Impact Investors LP,Mortgage Finance
GHLD,Guild Holdings Company,Mortgage Finance
GHM,Graham Corporation,Specialty Industrial Machinery
GHRS,GH Research PLC,Biotechnology
GIB,CGI Inc.,Information Technology Services
GIBO,GIBO Holdings Limited,Internet Content & Information
GIC,Global Industrial Company,Industrial Distribution
GIFI,"Gulf Island Fabrication, Inc.",Metal Fabrication
GIFT,"Giftify, Inc.",Internet Content & Information
GIG,GigCapital7 Corp.,Shell Companies
GIGM,GigaMedia Limited,Electronic Gaming & Multimedia
GIII,"G-III Apparel Group, Ltd.",Apparel Manufacturing
GIL,Gildan Activewear Inc.,Apparel Manufacturing
GILD,"Gilead Sciences, Inc.",Drug Manufacturers - General
GILT,Gilat Satellite Networks Ltd.,Communication Equipment
GIPR,"Generation Income Properties, Inc.",REIT - Diversified
GIS,"General Mills, Inc.",Packaged Foods
GITS,"Global Interactive Technologies, Inc.",Internet Content & Information
GKOS,Glaukos Corporation,Medical Devices
GL,Globe Life Inc.,Insurance - Life
GLAD,Gladstone Capital Corporation,Asset Management
GLBE,Global-E Online Ltd.,Internet Retail
GLBS,Globus Maritime Limited,Marine Shipping
GLBZ,Glen Burnie Bancorp,Banks - Regional
GLDD,Great Lakes Dredge & Dock Corporation,Engineering & Construction
GLDG,GoldMining Inc.,Gold
GLE,Global Engine Group Holding Limited,Information Technology Services
GLMD,Galmed Pharmaceuticals Ltd.,Biotechnology
GLNG,Golar LNG Limited,Oil & Gas Midstream
GLOB,Globant S.A.,Information Technology Services
GLP,Global Partners LP,Oil & Gas Midstream
GLPG,Galapagos NV,Biotechnology
GLPI,"Gaming and Leisure Properties, Inc.",REIT - Specialty
GLRE,"Greenlight Capital Re, Ltd.",Insurance - Reinsurance
GLSI,"Greenwich LifeSciences, Inc.",Biotechnology
GLTO,"Galecto, Inc.",Biotechnology
GLUE,"Monte Rosa Therapeutics, Inc.",Biotechnology
GLW,Corning Incorporated,Electronic Components
GLXG,Galaxy Payroll Group Limited,Staffing & Employment Services
GLXY,Galaxy Digital Inc.,Capital Markets
GLYC,"GlycoMimetics, Inc.",Biotechnology
GM,General Motors Company,Auto Manufacturers
GMAB,Genmab A/S,Biotechnology
GME,GameStop Corp.,Specialty Retail
GMED,"Globus Medical, Inc.",Medical Devices
GMGI,"Golden Matrix Group, Inc.",Electronic Gaming & Multimedia
GMHS,Gamehaus Holdings Inc.,Electronic Gaming & Multimedia
GMM,Global Mofy AI Limited,Information Technology Services
GMRE,Global Medical REIT Inc.,REIT - Healthcare Facilities
GMS,GMS Inc.,Building Products & Equipment
GNE,Genie Energy Ltd.,Utilities - Regulated Electric
GNFT,Genfit S.A.,Biotechnology
GNK,Genco Shipping & Trading Limited,Marine Shipping
GNL,"Global Net Lease, Inc.",REIT - Diversified
GNLN,"Greenlane Holdings, Inc.",Tobacco
GNLX,Genelux Corporation,Biotechnology
GNPX,"Genprex, Inc.",Biotechnology
GNRC,Generac Holdings Inc.,Specialty Industrial Machinery
GNS,Genius Group Limited,Education & Training Services
GNSS,Genasys Inc.,Scientific & Technical Instruments
GNTA,Genenta Science S.p.A.,Biotechnology
GNTX,Gentex Corporation,Auto Parts
GNTY,"Guaranty Bancshares, Inc.",Banks - Regional
GNW,"Genworth Financial, Inc.",Insurance - Life
GO,Grocery Outlet Holding Corp.,Grocery Stores
GOCO,"GoHealth, Inc.",Insurance Brokers
GOGL,Golden Ocean Group Limited,Marine Shipping
GOGO,Gogo Inc.,Telecom Services
GOLF,Acushnet Holdings Corp.,Leisure
GOOD,Gladstone Commercial Corporation,REIT - Diversified
GOOG,Alphabet Inc.,Internet Content & Information
GOOGL,Alphabet Inc.,Internet Content & Information
GOOS,Canada Goose Holdings Inc.,Apparel Manufacturing
GORO,Gold Resource Corporation,Gold
GORV,"Lazydays Holdings, Inc.",Auto & Truck Dealerships
GOSS,"Gossamer Bio, Inc.",Biotechnology
GOTU,Gaotu Techedu Inc.,Education & Training Services
GOVX,"GeoVax Labs, Inc.",Biotechnology
GP,GreenPower Motor Company Inc.,Farm & Heavy Construction Machinery
GPAT,GP-Act III Acquisition Corp.,Shell Companies
GPC,Genuine Parts Company,Auto Parts
GPCR,Structure Therapeutics Inc.,Biotechnology
GPI,"Group 1 Automotive, Inc.",Auto & Truck Dealerships
GPK,Graphic Packaging Holding Company,Packaging & Containers
GPMT,Granite Point Mortgage Trust Inc.,REIT - Mortgage
GPN,Global Payments Inc.,Specialty Business Services
GPOR,Gulfport Energy Corporation,Oil & Gas Exploration & Production
GPRE,Green Plains Inc.,Specialty Chemicals
GPRK,GeoPark Limited,Oil & Gas Exploration & Production
GPRO,"GoPro, Inc.",Consumer Electronics
GPUS,"Hyperscale Data, Inc.",Aerospace & Defense
GRAB,Grab Holdings Limited,Software - Application
GRAF,Graf Global Corp.,Shell Companies
GRAL,"GRAIL, Inc.",Diagnostics & Research
GRBK,"Green Brick Partners, Inc.",Residential Construction
GRC,The Gorman-Rupp Company,Specialty Industrial Machinery
GRCE,"Grace Therapeutics, Inc.",Biotechnology
GRDN,"Guardian Pharmacy Services, Inc.",Medical Care Facilities
GREE,Greenidge Generation Holdings Inc.,Capital Markets
GRFS,"Grifols, S.A.",Drug Manufacturers - General
GRI,"GRI Bio, Inc.",Biotechnology
GRMN,Garmin Ltd.,Scientific & Technical Instruments
GRND,Grindr Inc.,Software - Application
GRNQ,Greenpro Capital Corp.,Consulting Services
GRNT,"Granite Ridge Resources, Inc.",Oil & Gas Exploration & Production
GRO,Brazil Potash Corp.,Other Industrial Metals & Mining
GROV,"Grove Collaborative Holdings, Inc.",Household & Personal Products
GROW,"U.S. Global Investors, Inc.",Asset Management
GROY,Gold Royalty Corp.,Gold
GRP.U,Granite Real Estate Investment Trust,Other
GRPN,"Groupon, Inc.",Internet Content & Information
GRRR,Gorilla Technology Group Inc.,Software - Infrastructure
GRVY,"Gravity Co., Ltd.",Electronic Gaming & Multimedia
GRWG,GrowGeneration Corp.,Specialty Retail
GRYP,"Gryphon Digital Mining, Inc.",Capital Markets
GS,"The Goldman Sachs Group, Inc.",Capital Markets
GSAT,"Globalstar, Inc.",Telecom Services
GSBC,"Great Southern Bancorp, Inc.",Banks - Regional
GSBD,"Goldman Sachs BDC, Inc.",Asset Management
GSHD,"Goosehead Insurance, Inc",Insurance Brokers
GSHR,Gesher Acquisition Corp. II,Shell Companies
GSIT,"GSI Technology, Inc.",Semiconductors
GSIW,Garden Stage Limited,Capital Markets
GSK,GSK plc,Drug Manufacturers - General
GSL,"Global Ship Lease, Inc.",Marine Shipping
GSM,Ferroglobe PLC,Other Industrial Metals & Mining
GSRT,GSR III Acquisition Corp.,Shell Companies
GSUN,Golden Sun Health Technology Group Limited,Education & Training Services
GT,The Goodyear Tire & Rubber Company,Auto Parts
GTBP,"GT Biopharma, Inc.",Biotechnology
GTE,Gran Tierra Energy Inc.,Oil & Gas Exploration & Production
GTEC,Greenland Technologies Holding Corporation,Auto Parts
GTEN,"Gores Holdings X, Inc.",Shell Companies
GTES,Gates Industrial Corporation plc,Specialty Industrial Machinery
GTI,Graphjet Technology,Other Industrial Metals & Mining
GTIM,Good Times Restaurants Inc.,Restaurants
GTLB,GitLab Inc.,Software - Infrastructure
GTLS,"Chart Industries, Inc.",Specialty Industrial Machinery
GTM,ZoomInfo Technologies Inc.,Software - Application
GTN,"Gray Media, Inc.",Broadcasting
GTN.A,"Gray Media, Inc.",Broadcasting
GTX,Garrett Motion Inc.,Auto Parts
GTY,Getty Realty Corp.,REIT - Retail
GURE,"Gulf Resources, Inc.",Chemicals
GUTS,"Fractyl Health, Inc.",Biotechnology
GV,Visionary Holdings Inc.,Education & Training Services
GVA,Granite Construction Incorporated,Engineering & Construction
GVH,Globavend Holdings Limited,Integrated Freight & Logistics
GWAV,"Greenwave Technology Solutions, Inc.",Waste Management
GWH,"ESS Tech, Inc.",Electrical Equipment & Parts
GWRE,"Guidewire Software, Inc.",Software - Application
GWRS,"Global Water Resources, Inc.",Utilities - Regulated Water
GWW,"W.W. Grainger, Inc.",Industrial Distribution
GXAI,Gaxos.ai Inc.,Electronic Gaming & Multimedia
GXO,"GXO Logistics, Inc.",Integrated Freight & Logistics
GYRE,"Gyre Therapeutics, Inc.",Biotechnology
GYRO,"Gyrodyne, LLC",Real Estate Services
H,Hyatt Hotels Corporation,Lodging
HAE,Haemonetics Corporation,Medical Devices
HAFC,Hanmi Financial Corporation,Banks - Regional
HAFN,Hafnia Limited,Marine Shipping
HAIN,"The Hain Celestial Group, Inc.",Packaged Foods
HAL,Halliburton Company,Oil & Gas Equipment & Services
HALO,"Halozyme Therapeutics, Inc.",Biotechnology
HAO,Haoxi Health Technology Limited,Advertising Agencies
HAS,"Hasbro, Inc.",Leisure
HASI,"HA Sustainable Infrastructure Capital, Inc.",Asset Management
HAYW,"Hayward Holdings, Inc.",Electrical Equipment & Parts
HBAN,Huntington Bancshares Incorporated,Banks - Regional
HBB,Hamilton Beach Brands Holding Company,"Furnishings, Fixtures & Appliances"
HBCP,"Home Bancorp, Inc.",Banks - Regional
HBI,Hanesbrands Inc.,Apparel Manufacturing
HBIO,"Harvard Bioscience, Inc.",Medical Instruments & Supplies
HBM,Hudbay Minerals Inc.,Copper
HBNC,"Horizon Bancorp, Inc.",Banks - Regional
HBT,"HBT Financial, Inc.",Banks - Regional
HCA,"HCA Healthcare, Inc.",Medical Care Facilities
HCAI,"Huachen AI Parking Management Technology Holding Co., Ltd",Farm & Heavy Construction Machinery
HCAT,"Health Catalyst, Inc.",Health Information Services
HCC,"Warrior Met Coal, Inc.",Coking Coal
HCI,"HCI Group, Inc.",Insurance - Property & Casualty
HCKT,"The Hackett Group, Inc.",Information Technology Services
HCM,HUTCHMED (China) Limited,Drug Manufacturers - Specialty & Generic
HCSG,"Healthcare Services Group, Inc.",Medical Care Facilities
HCTI,"Healthcare Triangle, Inc.",Health Information Services
HCWB,HCW Biologics Inc.,Biotechnology
HD,"The Home Depot, Inc.",Home Improvement Retail
HDB,HDFC Bank Limited,Banks - Regional
HDL,Super Hi International Holding Ltd.,Restaurants
HDSN,"Hudson Technologies, Inc.",Specialty Chemicals
HE,"Hawaiian Electric Industries, Inc.",Utilities - Regulated Electric
HEI,HEICO Corporation,Aerospace & Defense
HEI.A,HEICO Corporation,Aerospace & Defense
HELE,Helen of Troy Limited,Household & Personal Products
HEPS,D-Market Elektronik Hizmetler ve Ticaret A.S.,Internet Retail
HES,Hess Corporation,Oil & Gas Exploration & Production
HESM,Hess Midstream LP,Oil & Gas Midstream
HFBL,"Home Federal Bancorp, Inc. of Louisiana",Banks - Regional
HFFG,HF Foods Group Inc.,Food Distribution
HFRO,Highland Funds I - Highland Opportunities and Income Fund,Asset Management - Income
HFWA,Heritage Financial Corporation,Banks - Regional
HG,"Hamilton Insurance Group, Ltd.",Insurance - Reinsurance
HGBL,Heritage Global Inc.,Capital Markets
HGTY,"Hagerty, Inc.",Insurance - Property & Casualty
HGV,Hilton Grand Vacations Inc.,Resorts & Casinos
HHH,Howard Hughes Holdings Inc.,Real Estate - Diversified
HHS,"Harte Hanks, Inc.",Conglomerates
HI,"Hillenbrand, Inc.",Specialty Industrial Machinery
HIFS,Hingham Institution for Savings,Banks - Regional
HIG,"The Hartford Insurance Group, Inc.",Insurance - Property & Casualty
HIHO,Highway Holdings Limited,Metal Fabrication
HII,"Huntington Ingalls Industries, Inc.",Aerospace & Defense
HIMS,"Hims & Hers Health, Inc.",Household & Personal Products
HIMX,"Himax Technologies, Inc.",Semiconductors
HIPO,Hippo Holdings Inc.,Insurance - Property & Casualty
HIT,"Health In Tech, Inc.",Software - Application
HITI,High Tide Inc.,Pharmaceutical Retailers
HIVE,HIVE Digital Technologies Ltd.,Capital Markets
HIW,"Highwoods Properties, Inc.",REIT - Office
HKD,AMTD Digital Inc.,Software - Application
HKIT,Hitek Global Inc.,Software - Application
HKPD,Hong Kong Pharma Digital Technology Holdings Limited,Pharmaceutical Retailers
HL,Hecla Mining Company,Other Precious Metals & Mining
HLF,Herbalife Ltd.,Packaged Foods
HLI,"Houlihan Lokey, Inc.",Capital Markets
HLIO,"Helios Technologies, Inc.",Specialty Industrial Machinery
HLIT,Harmonic Inc.,Communication Equipment
HLLY,Holley Inc.,Auto Parts
HLMN,Hillman Solutions Corp.,Tools & Accessories
HLN,Haleon plc,Drug Manufacturers - Specialty & Generic
HLNE,Hamilton Lane Incorporated,Asset Management
HLP,Hongli Group Inc.,Steel
HLT,Hilton Worldwide Holdings Inc.,Lodging
HLVX,"HilleVax, Inc.",Biotechnology
HLX,"Helix Energy Solutions Group, Inc.",Oil & Gas Equipment & Services
HLXB,Helix Acquisition Corp. II,Shell Companies
HMC,"Honda Motor Co., Ltd.",Auto Manufacturers
HMN,Horace Mann Educators Corporation,Insurance - Property & Casualty
HMR,Heidmar Maritime Holdings Corp.,Marine Shipping
HMST,"HomeStreet, Inc.",Banks - Regional
HMY,Harmony Gold Mining Company Limited,Gold
HNGE,"Hinge Health, Inc.",Medical Devices
HNI,HNI Corporation,"Furnishings, Fixtures & Appliances"
HNNA,"Hennessy Advisors, Inc.",Asset Management
HNRG,Hallador Energy Company,Thermal Coal
HNST,"The Honest Company, Inc.",Household & Personal Products
HNVR,"Hanover Bancorp, Inc.",Banks - Regional
HOFT,Hooker Furnishings Corporation,"Furnishings, Fixtures & Appliances"
HOFV,Hall of Fame Resort & Entertainment Company,Entertainment
HOG,"Harley-Davidson, Inc.",Recreational Vehicles
HOLO,MicroCloud Hologram Inc.,Electronic Components
HOLX,"Hologic, Inc.",Medical Instruments & Supplies
HOMB,"Home Bancshares, Inc. (Conway, AR)",Banks - Regional
HON,Honeywell International Inc.,Conglomerates
HOND,HCM II Acquisition Corp.,Shell Companies
HONE,"HarborOne Bancorp, Inc.",Banks - Regional
HOOD,"Robinhood Markets, Inc.",Capital Markets
HOOK,HOOKIPA Pharma Inc.,Biotechnology
HOPE,"Hope Bancorp, Inc.",Banks - Regional
HOTH,"Hoth Therapeutics, Inc.",Biotechnology
HOUR,"Hour Loop, Inc.",Internet Retail
HOUS,Anywhere Real Estate Inc.,Real Estate Services
HOV,"Hovnanian Enterprises, Inc.",Residential Construction
HOVR,New Horizon Aircraft Ltd.,Aerospace & Defense
HOWL,"Werewolf Therapeutics, Inc.",Biotechnology
HP,"Helmerich & Payne, Inc.",Oil & Gas Drilling
HPAI,Helport AI Limited,Software - Infrastructure
HPE,Hewlett Packard Enterprise Company,Communication Equipment
HPK,"HighPeak Energy, Inc.",Oil & Gas Exploration & Production
HPP,"Hudson Pacific Properties, Inc.",REIT - Office
HPQ,HP Inc.,Computer Hardware
HQI,"HireQuest, Inc.",Staffing & Employment Services
HQY,"HealthEquity, Inc.",Health Information Services
HR,Healthcare Realty Trust Incorporated,REIT - Healthcare Facilities
HRB,"H&R Block, Inc.",Personal Services
HRI,Herc Holdings Inc.,Rental & Leasing Services
HRL,Hormel Foods Corporation,Packaged Foods
HRMY,"Harmony Biosciences Holdings, Inc.",Biotechnology
HROW,"Harrow, Inc.",Drug Manufacturers - Specialty & Generic
HRTG,"Heritage Insurance Holdings, Inc.",Insurance - Property & Casualty
HRTX,"Heron Therapeutics, Inc.",Biotechnology
HRZN,Horizon Technology Finance Corporation,Asset Management
HSAI,Hesai Group,Auto Parts
HSBC,HSBC Holdings plc,Banks - Diversified
HSCS,HeartSciences Inc.,Medical Devices
HSDT,"Helius Medical Technologies, Inc.",Medical Devices
HSHP,Himalaya Shipping Ltd.,Marine Shipping
HSIC,"Henry Schein, Inc.",Medical Distribution
HSII,"Heidrick & Struggles International, Inc.",Staffing & Employment Services
HSON,"Hudson Global, Inc.",Staffing & Employment Services
HSPO,Horizon Space Acquisition I Corp.,Shell Companies
HSPT,Horizon Space Acquisition II Corp.,Shell Companies
HST,"Host Hotels & Resorts, Inc.",REIT - Hotel & Motel
HSTM,"HealthStream, Inc.",Health Information Services
HSY,The Hershey Company,Confectioners
HTB,"HomeTrust Bancshares, Inc.",Banks - Regional
HTBK,Heritage Commerce Corp,Banks - Regional
HTCO,High-Trend International Group,Marine Shipping
HTCR,"HeartCore Enterprises, Inc.",Software - Application
HTGC,"Hercules Capital, Inc.",Asset Management
HTH,Hilltop Holdings Inc.,Financial Conglomerates
HTHT,H World Group Limited,Lodging
HTLD,"Heartland Express, Inc.",Trucking
HTLM,HomesToLife Ltd.,Specialty Retail
HTO,H2O America,Utilities - Regulated Water
HTOO,Fusion Fuel Green PLC,Utilities - Renewable
HTZ,"Hertz Global Holdings, Inc.",Rental & Leasing Services
HUBB,Hubbell Incorporated,Electrical Equipment & Parts
HUBC,HUB Cyber Security Ltd.,Software - Infrastructure
HUBG,"Hub Group, Inc.",Integrated Freight & Logistics
HUBS,"HubSpot, Inc.",Software - Application
HUDI,"Huadi International Group Co., Ltd.",Steel
HUHU,HUHUTECH International Group Inc.,Specialty Industrial Machinery
HUIZ,Huize Holding Limited,Insurance Brokers
HUM,Humana Inc.,Healthcare Plans
HUMA,"Humacyte, Inc.",Biotechnology
HUN,Huntsman Corporation,Chemicals
HURA,"TuHURA Biosciences, Inc.",Biotechnology
HURC,"Hurco Companies, Inc.",Specialty Industrial Machinery
HURN,Huron Consulting Group Inc.,Consulting Services
HUSA,Houston American Energy Corp.,Oil & Gas Exploration & Production
HUT,Hut 8 Corp.,Capital Markets
HUYA,HUYA Inc.,Entertainment
HVII,Hennessy Capital Investment Corp. VII,Shell Companies
HVT,"Haverty Furniture Companies, Inc.",Home Improvement Retail
HVT.A,"Haverty Furniture Companies, Inc.",Home Improvement Retail
HWBK,"Hawthorn Bancshares, Inc.",Banks - Regional
HWC,Hancock Whitney Corporation,Banks - Regional
HWH,HWH International Inc.,Leisure
HWKN,"Hawkins, Inc.",Specialty Chemicals
HWM,Howmet Aerospace Inc.,Aerospace & Defense
HXHX,Haoxin Holdings Limited,Trucking
HXL,Hexcel Corporation,Aerospace & Defense
HY,"Hyster-Yale, Inc.",Farm & Heavy Construction Machinery
HYAC,Haymaker Acquisition Corp. 4,Shell Companies
HYFM,"Hydrofarm Holdings Group, Inc.",Farm & Heavy Construction Machinery
HYLN,Hyliion Holdings Corp.,Auto Parts
HYMC,Hycroft Mining Holding Corporation,Gold
HYPR,"Hyperfine, Inc.",Medical Devices
HZO,"MarineMax, Inc.",Specialty Retail
IAC,IAC Inc.,Internet Content & Information
IAG,IAMGOLD Corporation,Gold
IART,Integra LifeSciences Holdings Corporation,Medical Devices
IAS,Integral Ad Science Holding Corp.,Advertising Agencies
IAUX,i-80 Gold Corp.,Gold
IBAC,IB Acquisition Corp.,Shell Companies
IBCP,Independent Bank Corporation,Banks - Regional
IBEX,IBEX Limited,Information Technology Services
IBG,Innovation Beverage Group Limited,Beverages - Wineries & Distilleries
IBIO,"iBio, Inc.",Biotechnology
IBKR,"Interactive Brokers Group, Inc.",Capital Markets
IBM,International Business Machines Corporation,Information Technology Services
IBN,ICICI Bank Limited,Banks - Regional
IBO,Impact BioMedical Inc.,Biotechnology
IBOC,International Bancshares Corporation,Banks - Regional
IBP,"Installed Building Products, Inc.",Residential Construction
IBRX,"ImmunityBio, Inc.",Biotechnology
IBTA,"Ibotta, Inc.",Software - Application
ICAD,"iCAD, Inc.",Medical Devices
ICCC,ImmuCell Corporation,Biotechnology
ICCM,IceCure Medical Ltd,Medical Devices
ICE,"Intercontinental Exchange, Inc.",Financial Data & Stock Exchanges
ICFI,"ICF International, Inc.",Consulting Services
ICG,Intchains Group Limited,Semiconductors
ICHR,"Ichor Holdings, Ltd.",Semiconductor Equipment & Materials
ICL,ICL Group Ltd,Agricultural Inputs
ICLR,ICON Public Limited Company,Diagnostics & Research
ICMB,"Investcorp Credit Management BDC, Inc.",Asset Management
ICON,Icon Energy Corp.,Marine Shipping
ICU,SeaStar Medical Holding Corporation,Biotechnology
ICUI,"ICU Medical, Inc.",Medical Instruments & Supplies
IDA,"IDACORP, Inc.",Utilities - Regulated Electric
IDAI,T Stamp Inc.,Software - Application
IDCC,"InterDigital, Inc.",Software - Application
IDN,"Intellicheck, Inc.",Software - Application
IDR,"Idaho Strategic Resources, Inc.",Gold
IDT,IDT Corporation,Telecom Services
IDXX,"IDEXX Laboratories, Inc.",Diagnostics & Research
IDYA,"IDEAYA Biosciences, Inc.",Biotechnology
IE,Ivanhoe Electric Inc.,Copper
IEP,Icahn Enterprises L.P.,Oil & Gas Refining & Marketing
IESC,"IES Holdings, Inc.",Engineering & Construction
IEX,IDEX Corporation,Specialty Industrial Machinery
IFBD,"Infobird Co., Ltd",Software - Application
IFF,International Flavors & Fragrances Inc.,Specialty Chemicals
IFRX,InflaRx N.V.,Biotechnology
IFS,Intercorp Financial Services Inc.,Banks - Regional
IGC,"IGC Pharma, Inc.",Biotechnology
IGIC,International General Insurance Holdings Ltd.,Insurance - Diversified
IGMS,"IGM Biosciences, Inc.",Biotechnology
IGT,International Game Technology PLC,Gambling
IH,iHuman Inc.,Education & Training Services
IHG,InterContinental Hotels Group PLC,Lodging
IHRT,"iHeartMedia, Inc.",Broadcasting
IHS,IHS Holding Limited,Telecom Services
IHT,InnSuites Hospitality Trust,REIT - Hotel & Motel
III,"Information Services Group, Inc.",Information Technology Services
IIIN,"Insteel Industries, Inc.",Metal Fabrication
IIIV,"i3 Verticals, Inc.",Software - Infrastructure
IINN,Inspira Technologies Oxy B.H.N. Ltd.,Medical Devices
IIPR,"Innovative Industrial Properties, Inc.",REIT - Industrial
IKNA,"Ikena Oncology, Inc.",Biotechnology
IKT,"Inhibikase Therapeutics, Inc.",Biotechnology
ILAG,Intelligent Living Application Group Inc.,Building Products & Equipment
ILLR,Triller Group Inc.,Software - Application
ILMN,"Illumina, Inc.",Diagnostics & Research
ILPT,Industrial Logistics Properties Trust,REIT - Industrial
IMAB,I-Mab,Biotechnology
IMAX,IMAX Corporation,Entertainment
IMCC,IM Cannabis Corp.,Drug Manufacturers - Specialty & Generic
IMCR,Immunocore Holdings plc,Biotechnology
IMG,CIMG Inc.,Packaged Foods
IMKT.A,"Ingles Markets, Incorporated",-
IMKTA,"Ingles Markets, Incorporated",Grocery Stores
IMMP,Immutep Limited,Biotechnology
IMMR,Immersion Corporation,Software - Application
IMMX,"Immix Biopharma, Inc.",Biotechnology
IMNM,"Immunome, Inc.",Biotechnology
IMNN,"Imunon, Inc.",Biotechnology
IMO,Imperial Oil Limited,Oil & Gas Integrated
IMOS,ChipMOS TECHNOLOGIES INC.,Semiconductors
IMPP,Imperial Petroleum Inc.,Oil & Gas Midstream
IMRN,Immuron Limited,Biotechnology
IMRX,Immuneering Corporation,Biotechnology
IMTE,Integrated Media Technology Limited,Electronic Components
IMTX,Immatics N.V.,Biotechnology
IMUX,"Immunic, Inc.",Biotechnology
IMVT,"Immunovant, Inc.",Biotechnology
IMXI,"International Money Express, Inc.",Software - Infrastructure
INAB,"IN8bio, Inc.",Biotechnology
INBK,First Internet Bancorp,Banks - Regional
INBS,Intelligent Bio Solutions Inc.,Medical Devices
INBX,"Inhibrx Biosciences, Inc.",Biotechnology
INCR,InterCure Ltd.,Drug Manufacturers - Specialty & Generic
INCY,Incyte Corporation,Biotechnology
INDB,Independent Bank Corp.,Banks - Regional
INDI,"indie Semiconductor, Inc.",Semiconductor Equipment & Materials
INDO,Indonesia Energy Corporation Limited,Oil & Gas Exploration & Production
INDP,"Indaptus Therapeutics, Inc.",Biotechnology
INDV,Indivior PLC,Drug Manufacturers - Specialty & Generic
INEO,INNEOVA Holdings Limited,Auto Parts
INFA,Informatica Inc.,Software - Infrastructure
INFU,"InfuSystem Holdings, Inc.",Medical Instruments & Supplies
INFY,Infosys Limited,Information Technology Services
ING,ING Groep N.V.,Banks - Diversified
INGM,Ingram Micro Holding Corporation,Information Technology Services
INGN,"Inogen, Inc.",Medical Devices
INGR,,
INHD,Inno Holdings Inc.,Steel
INKT,"MiNK Therapeutics, Inc.",Biotechnology
INLF,INLIF Limited,Specialty Industrial Machinery
INLX,"Intellinetics, Inc.",Software - Application
INM,InMed Pharmaceuticals Inc.,Drug Manufacturers - Specialty & Generic
INMB,"INmune Bio, Inc.",Biotechnology
INMD,InMode Ltd.,Medical Devices
INN,"Summit Hotel Properties, Inc.",REIT - Hotel & Motel
INNV,InnovAge Holding Corp.,Medical Care Facilities
INO,"Inovio Pharmaceuticals, Inc.",Biotechnology
INOD,Innodata Inc.,Information Technology Services
INR,"Infinity Natural Resources, Inc.",Oil & Gas Exploration & Production
INSE,"Inspired Entertainment, Inc.",Gambling
INSG,Inseego Corp.,Communication Equipment
INSM,Insmed Incorporated,Biotechnology
INSP,"Inspire Medical Systems, Inc.",Medical Devices
INSW,"International Seaways, Inc.",Oil & Gas Midstream
INTA,"Intapp, Inc.",Software - Application
INTC,Intel Corporation,Semiconductors
INTG,The InterGroup Corporation,Lodging
INTJ,Intelligent Group Limited,Consulting Services
INTR,"Inter & Co, Inc.",Banks - Regional
INTS,"Intensity Therapeutics, Inc.",Biotechnology
INTT,inTEST Corporation,Semiconductor Equipment & Materials
INTU,Intuit Inc.,Software - Application
INTZ,Intrusion Inc.,Software - Infrastructure
INUV,"Inuvo, Inc.",Software - Application
INV,"Innventure, Inc.",Asset Management
INVA,"Innoviva, Inc.",Biotechnology
INVE,"Identiv, Inc.",Building Products & Equipment
INVH,Invitation Homes Inc.,REIT - Residential
INVX,"Innovex International, Inc.",Oil & Gas Equipment & Services
INVZ,Innoviz Technologies Ltd.,Auto Parts
INZY,"Inozyme Pharma, Inc.",Biotechnology
IOBT,"IO Biotech, Inc.",Biotechnology
IONQ,"IonQ, Inc.",Computer Hardware
IONR,ioneer Ltd,Other Industrial Metals & Mining
IONS,"Ionis Pharmaceuticals, Inc.",Biotechnology
IOR,"Income Opportunity Realty Investors, Inc.",Mortgage Finance
IOSP,Innospec Inc.,Specialty Chemicals
IOT,Samsara Inc.,Software - Infrastructure
IOTR,iOThree Limited,Communication Equipment
IOVA,"Iovance Biotherapeutics, Inc.",Biotechnology
IP,International Paper Company,Packaging & Containers
IPA,ImmunoPrecise Antibodies Ltd.,Biotechnology
IPAR,"Interparfums, Inc.",Household & Personal Products
IPCX,Inflection Point Acquisition Corp. III,Shell Companies
IPDN,"Professional Diversity Network, Inc.",Staffing & Employment Services
IPG,"The Interpublic Group of Companies, Inc.",Advertising Agencies
IPGP,IPG Photonics Corporation,Semiconductor Equipment & Materials
IPHA,Innate Pharma S.A.,Biotechnology
IPI,"Intrepid Potash, Inc.",Agricultural Inputs
IPM,Intelligent Protection Management Corp.,Software - Application
IPOD,Dune Acquisition Corporation II,Shell Companies
IPSC,"Century Therapeutics, Inc.",Biotechnology
IPW,iPower Inc.,Internet Retail
IPWR,Ideal Power Inc.,Electrical Equipment & Parts
IPX,IperionX Limited,Other Industrial Metals & Mining
IQ,"iQIYI, Inc.",Entertainment
IQST,iQSTEL Inc.,Telecom Services
IQV,IQVIA Holdings Inc.,Diagnostics & Research
IR,Ingersoll Rand Inc.,Specialty Industrial Machinery
IRBT,iRobot Corporation,"Furnishings, Fixtures & Appliances"
IRD,"Opus Genetics, Inc.",Biotechnology
IRDM,Iridium Communications Inc.,Telecom Services
IREN,IREN Limited,Capital Markets
IRIX,IRIDEX Corporation,Medical Devices
IRM,Iron Mountain Incorporated,REIT - Specialty
IRMD,IRADIMED CORPORATION,Medical Devices
IROH,Iron Horse Acquisitions Corp.,Shell Companies
IRON,"Disc Medicine, Inc.",Biotechnology
IROQ,"IF Bancorp, Inc.",Banks - Regional
IRS,IRSA Inversiones y Representaciones Sociedad Anónima,Real Estate Services
IRT,"Independence Realty Trust, Inc.",REIT - Residential
IRTC,"iRhythm Technologies, Inc.",Medical Devices
IRWD,"Ironwood Pharmaceuticals, Inc.",Drug Manufacturers - Specialty & Generic
ISBA,Isabella Bank Corporation,Banks - Regional
ISOU,IsoEnergy Ltd.,Uranium
ISPC,iSpecimen Inc.,Diagnostics & Research
ISPO,Inspirato Incorporated,Travel Services
ISPR,Ispire Technology Inc.,Tobacco
ISRG,"Intuitive Surgical, Inc.",Medical Instruments & Supplies
ISRL,Israel Acquisitions Corp,Shell Companies
ISSC,"Innovative Solutions and Support, Inc.",Aerospace & Defense
ISTR,Investar Holding Corporation,Banks - Regional
IT,"Gartner, Inc.",Information Technology Services
ITGR,Integer Holdings Corporation,Medical Devices
ITIC,Investors Title Company,Insurance - Specialty
ITOS,"iTeos Therapeutics, Inc.",Biotechnology
ITP,"IT Tech Packaging, Inc.",Paper & Paper Products
ITRG,Integra Resources Corp.,Other Precious Metals & Mining
ITRI,"Itron, Inc.",Scientific & Technical Instruments
ITRM,Iterum Therapeutics plc,Biotechnology
ITRN,Ituran Location and Control Ltd.,Scientific & Technical Instruments
ITT,ITT Inc.,Specialty Industrial Machinery
ITUB,Itaú Unibanco Holding S.A.,Banks - Regional
ITW,Illinois Tool Works Inc.,Specialty Industrial Machinery
IVA,Inventiva S.A.,Biotechnology
IVDA,"Iveda Solutions, Inc.",Security & Protection Services
IVF,"INVO Fertility, Inc.",Medical Devices
IVP,"Inspire Veterinary Partners, Inc.",Personal Services
IVR,Invesco Mortgage Capital Inc.,REIT - Mortgage
IVT,InvenTrust Properties Corp.,REIT - Retail
IVVD,"Invivyd, Inc.",Biotechnology
IVZ,Invesco Ltd.,Asset Management
IX,ORIX Corporation,Financial Conglomerates
IXHL,Incannex Healthcare Inc.,Drug Manufacturers - Specialty & Generic
IZEA,"IZEA Worldwide, Inc.",Internet Content & Information
IZM,ICZOOM Group Inc.,Electronics & Computer Distribution
J,Jacobs Solutions Inc.,Engineering & Construction
JACK,Jack in the Box Inc.,Restaurants
JACS,Jackson Acquisition Company II,Shell Companies
JAGX,"Jaguar Health, Inc.",Biotechnology
JAKK,"JAKKS Pacific, Inc.",Leisure
JAMF,Jamf Holding Corp.,Software - Application
JANX,"Janux Therapeutics, Inc.",Biotechnology
JAZZ,Jazz Pharmaceuticals plc,Biotechnology
JBDI,JBDI Holdings Limited,Specialty Retail
JBGS,JBG SMITH Properties,REIT - Office
JBHT,"J.B. Hunt Transport Services, Inc.",Integrated Freight & Logistics
JBI,"Janus International Group, Inc.",Building Products & Equipment
JBIO,"Jade Biosciences, Inc.",Biotechnology
JBL,Jabil Inc.,Electronic Components
JBLU,JetBlue Airways Corporation,Airlines
JBSS,"John B. Sanfilippo & Son, Inc.",Packaged Foods
JBTM,JBT Marel Corporation,Specialty Industrial Machinery
JCI,Johnson Controls International plc,Building Products & Equipment
JCSE,JE Cleantech Holdings Limited,Specialty Industrial Machinery
JCTC,Jewett-Cameron Trading Company Ltd.,Lumber & Wood Production
JD,"JD.com, Inc.",Internet Retail
JDZG,JIADE Limited,Information Technology Services
JEF,Jefferies Financial Group Inc.,Capital Markets
JELD,"JELD-WEN Holding, Inc.",Building Products & Equipment
JENA,Jena Acquisition Corporation II,Shell Companies
JFB,JFB Construction Holdings,Residential Construction
JFBR,Jeffs' Brands Ltd,Internet Retail
JFIN,Jiayin Group Inc.,Internet Content & Information
JFU,9F Inc.,Information Technology Services
JG,Aurora Mobile Limited,Software - Infrastructure
JHG,Janus Henderson Group plc,Asset Management
JHX,James Hardie Industries plc,Building Materials
JILL,"J.Jill, Inc.",Apparel Retail
JJSF,J&J Snack Foods Corp.,Packaged Foods
JKHY,"Jack Henry & Associates, Inc.",Information Technology Services
JKS,"JinkoSolar Holding Co., Ltd.",Solar
JL,J-Long Group Limited,Apparel Manufacturing
JLL,Jones Lang LaSalle Incorporated,Real Estate Services
JMIA,Jumia Technologies AG,Internet Retail
JMSB,"John Marshall Bancorp, Inc.",Banks - Regional
JNJ,Johnson & Johnson,Drug Manufacturers - General
JNPR,"Juniper Networks, Inc.",Communication Equipment
JOB,GEE Group Inc.,Staffing & Employment Services
JOBY,"Joby Aviation, Inc.",Airports & Air Services
JOE,The St. Joe Company,Real Estate - Diversified
JOUT,Johnson Outdoors Inc.,Leisure
JOYY,JOYY Inc.,Internet Content & Information
JPM,JPMorgan Chase & Co.,Banks - Diversified
JRSH,"Jerash Holdings (US), Inc.",Apparel Manufacturing
JRVR,"James River Group Holdings, Ltd.",Insurance - Specialty
JSPR,"Jasper Therapeutics, Inc.",Biotechnology
JTAI,Jet.AI Inc.,Software - Application
JUNS,"Jupiter Neurosciences, Inc.",Biotechnology
JVA,"Coffee Holding Co., Inc.",Packaged Foods
JVSA,JVSPAC Acquisition Corp.,Shell Companies
JWEL,Jowell Global Ltd.,Internet Retail
JXG,JX Luxventure Group Inc.,Apparel Manufacturing
JXN,Jackson Financial Inc.,Insurance - Life
JYD,Jayud Global Logistics Limited,Integrated Freight & Logistics
JYNT,The Joint Corp.,Medical Care Facilities
JZ,Jianzhi Education Technology Group Company Limited,Information Technology Services
JZXN,"Jiuzi Holdings, Inc.",Auto & Truck Dealerships
K,Kellanova,Packaged Foods
KAI,Kadant Inc.,Specialty Industrial Machinery
KALA,"KALA BIO, Inc.",Biotechnology
KALU,Kaiser Aluminum Corporation,Aluminum
KALV,"KalVista Pharmaceuticals, Inc.",Biotechnology
KAPA,"Kairos Pharma, Ltd.",Biotechnology
KAR,"OPENLANE, Inc.",Auto & Truck Dealerships
KARO,Karooooo Ltd.,Software - Application
KAVL,"Kaival Brands Innovations Group, Inc.",Tobacco
KB,KB Financial Group Inc.,Banks - Regional
KBDC,"Kayne Anderson BDC, Inc.",Asset Management
KBH,KB Home,Residential Construction
KBR,"KBR, Inc.",Engineering & Construction
KBSX,FST Corp.,Steel
KC,Kingsoft Cloud Holdings Limited,Software - Application
KCHV,Kochav Defense Acquisition Corp.,Shell Companies
KD,"Kyndryl Holdings, Inc.",Information Technology Services
KDP,Keurig Dr Pepper Inc.,Beverages - Non-Alcoholic
KE,"Kimball Electronics, Inc.",Electrical Equipment & Parts
KELYA,"Kelly Services, Inc.",Staffing & Employment Services
KELYB,"Kelly Services, Inc.",Staffing & Employment Services
KEN,Kenon Holdings Ltd.,Utilities - Independent Power Producers
KEP,Korea Electric Power Corporation,Utilities - Regulated Electric
KEQU,Kewaunee Scientific Corporation,"Furnishings, Fixtures & Appliances"
KEX,Kirby Corporation,Marine Shipping
KEY,KeyCorp,Banks - Regional
KEYS,"Keysight Technologies, Inc.",Scientific & Technical Instruments
KFFB,Kentucky First Federal Bancorp,Banks - Regional
KFII,K&F Growth Acquisition Corp. II,Shell Companies
KFRC,Kforce Inc.,Staffing & Employment Services
KFS,Kingsway Financial Services Inc.,Auto & Truck Dealerships
KFY,Korn Ferry,Staffing & Employment Services
KG,Kestrel Group Ltd,Other
KGC,Kinross Gold Corporation,Gold
KGEI,Kolibri Global Energy Inc.,Oil & Gas Exploration & Production
KGS,"Kodiak Gas Services, Inc.",Oil & Gas Equipment & Services
KHC,The Kraft Heinz Company,Packaged Foods
KIDS,OrthoPediatrics Corp.,Medical Devices
KIDZ,"Classover Holdings, Inc.",Education & Training Services
KIM,Kimco Realty Corporation,REIT - Retail
KIND,"Nextdoor Holdings, Inc.",Internet Content & Information
KINS,"Kingstone Companies, Inc.",Insurance - Property & Casualty
KIRK,"Kirkland's, Inc.",Home Improvement Retail
KITT,"Nauticus Robotics, Inc.",Aerospace & Defense
KKR,KKR & Co. Inc.,Asset Management
KLAC,KLA Corporation,Semiconductor Equipment & Materials
KLC,"KinderCare Learning Companies, Inc.",Education & Training Services
KLG,WK Kellogg Co,Packaged Foods
KLIC,"Kulicke and Soffa Industries, Inc.",Semiconductor Equipment & Materials
KLRS,"Kalaris Therapeutics, Inc.",Biotechnology
KLTO,"Klotho Neurosciences, Inc.",Biotechnology
KLTR,"Kaltura, Inc.",Software - Application
KLXE,"KLX Energy Services Holdings, Inc.",Oil & Gas Equipment & Services
KMB,Kimberly-Clark Corporation,Household & Personal Products
KMDA,Kamada Ltd.,Drug Manufacturers - Specialty & Generic
KMI,"Kinder Morgan, Inc.",Oil & Gas Midstream
KMPR,Kemper Corporation,Insurance - Property & Casualty
KMT,Kennametal Inc.,Tools & Accessories
KMTS,"Kestra Medical Technologies, Ltd.",Medical Instruments & Supplies
KMX,"CarMax, Inc.",Auto & Truck Dealerships
KN,Knowles Corporation,Electronic Components
KNDI,"Kandi Technologies Group, Inc.",Recreational Vehicles
KNF,Knife River Corporation,Building Materials
KNOP,KNOT Offshore Partners LP,Oil & Gas Midstream
KNSA,"Kiniksa Pharmaceuticals International, plc",Drug Manufacturers - Specialty & Generic
KNSL,"Kinsale Capital Group, Inc.",Insurance - Property & Casualty
KNTK,Kinetik Holdings Inc.,Oil & Gas Midstream
KNW,"Know Labs, Inc.",Scientific & Technical Instruments
KNX,Knight-Swift Transportation Holdings Inc.,Trucking
KO,The Coca-Cola Company,Beverages - Non-Alcoholic
KOD,Kodiak Sciences Inc.,Biotechnology
KODK,Eastman Kodak Company,Specialty Business Services
KOF,"Coca-Cola FEMSA, S.A.B. de C.V.",Beverages - Non-Alcoholic
KOP,Koppers Holdings Inc.,Specialty Chemicals
KOPN,Kopin Corporation,Electronic Components
KORE,"KORE Group Holdings, Inc.",Telecom Services
KOS,Kosmos Energy Ltd.,Oil & Gas Exploration & Production
KOSS,Koss Corporation,Consumer Electronics
KPLT,"Katapult Holdings, Inc.",Software - Infrastructure
KPRX,"Kiora Pharmaceuticals, Inc.",Biotechnology
KPTI,Karyopharm Therapeutics Inc.,Biotechnology
KR,The Kroger Co.,Grocery Stores
KRC,Kilroy Realty Corporation,REIT - Office
KREF,KKR Real Estate Finance Trust Inc.,REIT - Mortgage
KRG,Kite Realty Group Trust,REIT - Retail
KRKR,36Kr Holdings Inc.,Advertising Agencies
KRMD,"KORU Medical Systems, Inc.",Medical Instruments & Supplies
KRMN,Karman Holdings Inc.,Aerospace & Defense
KRNT,Kornit Digital Ltd.,Specialty Industrial Machinery
KRNY,Kearny Financial Corp.,Banks - Regional
KRO,"Kronos Worldwide, Inc.",Specialty Chemicals
KRON,"Kronos Bio, Inc.",Biotechnology
KROS,"Keros Therapeutics, Inc.",Biotechnology
KRP,"Kimbell Royalty Partners, LP",Oil & Gas Exploration & Production
KRRO,"Korro Bio, Inc.",Biotechnology
KRT,Karat Packaging Inc.,Packaging & Containers
KRUS,"Kura Sushi USA, Inc.",Restaurants
KRYS,"Krystal Biotech, Inc.",Biotechnology
KSCP,"Knightscope, Inc.",Security & Protection Services
KSPI,Joint Stock Company Kaspi.kz,Software - Infrastructure
KSS,Kohl's Corporation,Department Stores
KT,KT Corporation,Telecom Services
KTB,"Kontoor Brands, Inc.",Apparel Manufacturing
KTCC,Key Tronic Corporation,Computer Hardware
KTOS,"Kratos Defense & Security Solutions, Inc.",Aerospace & Defense
KTTA,Pasithea Therapeutics Corp.,Biotechnology
KUKE,Kuke Music Holding Limited,Entertainment
KULR,"KULR Technology Group, Inc.",Electronic Components
KURA,"Kura Oncology, Inc.",Biotechnology
KVAC,Keen Vision Acquisition Corporation,Shell Companies
KVHI,"KVH Industries, Inc.",Telecom Services
KVUE,Kenvue Inc.,Household & Personal Products
KVYO,"Klaviyo, Inc.",Software - Infrastructure
KW,"Kennedy-Wilson Holdings, Inc.",Real Estate Services
KWE,KWESST Micro Systems Inc.,Aerospace & Defense
KWM,K Wave Media Ltd.,Entertainment
KWR,Quaker Chemical Corporation,Specialty Chemicals
KXIN,Kaixin Holdings,Auto & Truck Dealerships
KYMR,"Kymera Therapeutics, Inc.",Biotechnology
KYTX,"Kyverna Therapeutics, Inc.",Biotechnology
KZIA,Kazia Therapeutics Limited,Biotechnology
KZR,"Kezar Life Sciences, Inc.",Biotechnology
L,Loews Corporation,Insurance - Property & Casualty
LAB,Standard BioTools Inc.,Medical Devices
LAC,Lithium Americas Corp.,Other Industrial Metals & Mining
LAD,"Lithia Motors, Inc.",Auto & Truck Dealerships
LADR,Ladder Capital Corp,REIT - Mortgage
LAES,SEALSQ Corp,Semiconductors
LAKE,"Lakeland Industries, Inc.",Apparel Manufacturing
LAMR,Lamar Advertising Company,REIT - Specialty
LANC,Lancaster Colony Corporation,Packaged Foods
LAND,Gladstone Land Corporation,REIT - Specialty
LANV,Lanvin Group Holdings Limited,Luxury Goods
LAR,Lithium Argentina AG,Other Industrial Metals & Mining
LARK,"Landmark Bancorp, Inc.",Banks - Regional
LASE,Laser Photonics Corporation,Specialty Industrial Machinery
LASR,"nLIGHT, Inc.",Semiconductors
LAUR,"Laureate Education, Inc.",Education & Training Services
LAW,"CS Disco, Inc.",Software - Application
LAZ,"Lazard, Inc.",Capital Markets
LAZR,"Luminar Technologies, Inc.",Auto Parts
LB,LandBridge Company LLC,Oil & Gas Equipment & Services
LBGJ,Li Bang International Corporation Inc.,Specialty Industrial Machinery
LBRDA,Liberty Broadband Corporation,Telecom Services
LBRDK,Liberty Broadband Corporation,Telecom Services
LBRT,Liberty Energy Inc.,Oil & Gas Equipment & Services
LBTYA,Liberty Global Ltd.,Telecom Services
LBTYB,Liberty Global Ltd.,Telecom Services
LBTYK,Liberty Global Ltd.,Telecom Services
LC,LendingClub Corporation,Banks - Regional
LCCC,Lakeshore Acquisition III Corp.,Shell Companies
LCFY,Locafy Limited,Internet Content & Information
LCID,"Lucid Group, Inc.",Auto Manufacturers
LCII,LCI Industries,Recreational Vehicles
LCNB,LCNB Corp.,Banks - Regional
LCTX,"Lineage Cell Therapeutics, Inc.",Biotechnology
LCUT,"Lifetime Brands, Inc.","Furnishings, Fixtures & Appliances"
LDI,"loanDepot, Inc.",Mortgage Finance
LDOS,"Leidos Holdings, Inc.",Information Technology Services
LDTC,LeddarTech Holdings Inc.,Software - Application
LDWY,"Lendway, Inc.",Advertising Agencies
LE,"Lands' End, Inc.",Apparel Retail
LEA,Lear Corporation,Auto Parts
LECO,"Lincoln Electric Holdings, Inc.",Tools & Accessories
LEDS,SemiLEDs Corporation,Semiconductors
LEE,"Lee Enterprises, Incorporated",Publishing
LEG,"Leggett & Platt, Incorporated","Furnishings, Fixtures & Appliances"
LEGH,Legacy Housing Corporation,Residential Construction
LEGN,Legend Biotech Corporation,Biotechnology
LEGT,Legato Merger Corp. III,Shell Companies
LEN,Lennar Corporation,Residential Construction
LEN.B,Lennar Corporation,Residential Construction
LENZ,"LENZ Therapeutics, Inc.",Biotechnology
LESL,"Leslie's, Inc.",Specialty Retail
LEU,Centrus Energy Corp.,Uranium
LEVI,Levi Strauss & Co.,Apparel Manufacturing
LEXX,Lexaria Bioscience Corp.,Biotechnology
LFCR,"Lifecore Biomedical, Inc.",Drug Manufacturers - Specialty & Generic
LFMD,"LifeMD, Inc.",Health Information Services
LFST,"LifeStance Health Group, Inc.",Medical Care Facilities
LFT,"Lument Finance Trust, Inc.",REIT - Mortgage
LFUS,"Littelfuse, Inc.",Electronic Components
LFVN,LifeVantage Corporation,Packaged Foods
LFWD,Lifeward Ltd.,Medical Devices
LGCB,Linkage Global Inc,Internet Retail
LGCL,Lucas GC Limited,Software - Application
LGCY,Legacy Education Inc.,Education & Training Services
LGHL,Lion Group Holding Ltd.,Capital Markets
LGIH,"LGI Homes, Inc.",Residential Construction
LGL,"The LGL Group, Inc.",Scientific & Technical Instruments
LGND,Ligand Pharmaceuticals Incorporated,Biotechnology
LGO,Largo Inc.,Other Industrial Metals & Mining
LGPS,LogProstyle Inc.,Real Estate - Development
LGVN,Longeveron Inc.,Biotechnology
LH,Labcorp Holdings Inc.,Diagnostics & Research
LHSW,Lianhe Sowell International Group Ltd,Specialty Industrial Machinery
LHX,"L3Harris Technologies, Inc.",Aerospace & Defense
LI,Li Auto Inc.,Auto Manufacturers
LICN,Lichen International Limited,Specialty Business Services
LIDR,"AEye, Inc.",Software - Infrastructure
LIEN,"Chicago Atlantic BDC, Inc.",Asset Management
LIF,"Life360, Inc.",Software - Application
LII,Lennox International Inc.,Building Products & Equipment
LILA,Liberty Latin America Ltd.,Telecom Services
LILAK,Liberty Latin America Ltd.,Telecom Services
LIMN,"Liminatus Pharma, Inc.",Biotechnology
LIN,Linde plc,Specialty Chemicals
LINC,Lincoln Educational Services Corporation,Education & Training Services
LIND,"Lindblad Expeditions Holdings, Inc.",Travel Services
LINE,"Lineage, Inc.",REIT - Industrial
LINK,"Interlink Electronics, Inc.",Electronic Components
LIPO,Lipella Pharmaceuticals Inc.,Biotechnology
LIQT,"LiqTech International, Inc.",Pollution & Treatment Controls
LITB,"LightInTheBox Holding Co., Ltd.",Apparel Manufacturing
LITE,Lumentum Holdings Inc.,Communication Equipment
LITM,Snow Lake Resources Ltd.,Other Industrial Metals & Mining
LIVE,Live Ventures Incorporated,Home Improvement Retail
LIVN,LivaNova PLC,Medical Devices
LIXT,"Lixte Biotechnology Holdings, Inc.",Biotechnology
LKFN,Lakeland Financial Corporation,Banks - Regional
LKQ,LKQ Corporation,Auto Parts
LLY,Eli Lilly and Company,Drug Manufacturers - General
LLYVA,Liberty Live Group,Entertainment
LLYVK,Liberty Live Group,Entertainment
LMAT,"LeMaitre Vascular, Inc.",Medical Instruments & Supplies
LMB,"Limbach Holdings, Inc.",Building Products & Equipment
LMFA,"LM Funding America, Inc.",Credit Services
LMND,"Lemonade, Inc.",Insurance - Property & Casualty
LMNR,Limoneira Company,Farm Products
LMT,Lockheed Martin Corporation,Aerospace & Defense
LNC,Lincoln National Corporation,Insurance - Life
LND,BrasilAgro - Companhia Brasileira de Propriedades Agrícolas,Farm Products
LNG,"Cheniere Energy, Inc.",Oil & Gas Midstream
LNKB,"LINKBANCORP, Inc.",Banks - Regional
LNKS,Linkers Industries Limited,Electrical Equipment & Parts
LNN,Lindsay Corporation,Farm & Heavy Construction Machinery
LNSR,"LENSAR, Inc.",Medical Devices
LNT,Alliant Energy Corporation,Utilities - Regulated Electric
LNTH,"Lantheus Holdings, Inc.",Drug Manufacturers - Specialty & Generic
LNW,"Light & Wonder, Inc.",Gambling
LNZA,"LanzaTech Global, Inc.",Waste Management
LOAN,"Manhattan Bridge Capital, Inc.",REIT - Mortgage
LOAR,Loar Holdings Inc.,Aerospace & Defense
LOB,"Live Oak Bancshares, Inc.",Banks - Regional
LOBO,Lobo EV Technologies Ltd.,Auto Manufacturers
LOCL,Local Bounti Corporation,Farm Products
LOCO,"El Pollo Loco Holdings, Inc.",Restaurants
LODE,Comstock Inc.,Other Precious Metals & Mining
LOGI,Logitech International S.A.,Computer Hardware
LOKV,Live Oak Acquisition Corp. V,Shell Companies
LOMA,Loma Negra Compañía Industrial Argentina Sociedad Anónima,Building Materials
LOOP,"Loop Industries, Inc.",Specialty Chemicals
LOPE,"Grand Canyon Education, Inc.",Education & Training Services
LOT,Lotus Technology Inc.,Auto Manufacturers
LOVE,The Lovesac Company,"Furnishings, Fixtures & Appliances"
LOW,"Lowe's Companies, Inc.",Home Improvement Retail
LPA,Logistic Properties of the Americas,Real Estate - Development
LPAA,Launch One Acquisition Corp.,Shell Companies
LPBB,Launch Two Acquisition Corp.,Shell Companies
LPCN,Lipocine Inc.,Biotechnology
LPG,Dorian LPG Ltd.,Oil & Gas Midstream
LPL,"LG Display Co., Ltd.",Consumer Electronics
LPLA,LPL Financial Holdings Inc.,Capital Markets
LPRO,Open Lending Corporation,Credit Services
LPSN,"LivePerson, Inc.",Software - Application
LPTH,"LightPath Technologies, Inc.",Electronic Components
LPTX,"Leap Therapeutics, Inc.",Biotechnology
LPX,Louisiana-Pacific Corporation,Building Products & Equipment
LQDA,Liquidia Corporation,Biotechnology
LQDT,"Liquidity Services, Inc.",Internet Retail
LRCX,Lam Research Corporation,Semiconductor Equipment & Materials
LRE,"Lead Real Estate Co., Ltd",Real Estate - Development
LRFC,Logan Ridge Finance Corporation,Asset Management
LRHC,La Rosa Holdings Corp.,Real Estate Services
LRMR,"Larimar Therapeutics, Inc.",Biotechnology
LRN,"Stride, Inc.",Education & Training Services
LSAK,"Lesaka Technologies, Inc.",Software - Infrastructure
LSB,"LakeShore Biopharma Co., Ltd",Biotechnology
LSBK,"Lake Shore Bancorp, Inc.",Banks - Regional
LSCC,Lattice Semiconductor Corporation,Semiconductors
LSE,"Leishen Energy Holding Co., Ltd.",Oil & Gas Equipment & Services
LSEA,Landsea Homes Corporation,Real Estate - Development
LSF,"Laird Superfood, Inc.",Packaged Foods
LSH,Lakeside Holding Limited,Integrated Freight & Logistics
LSPD,Lightspeed Commerce Inc.,Software - Application
LSTA,"Lisata Therapeutics, Inc.",Biotechnology
LSTR,"Landstar System, Inc.",Integrated Freight & Logistics
LTBR,Lightbridge Corporation,Electrical Equipment & Parts
LTC,"LTC Properties, Inc.",REIT - Healthcare Facilities
LTH,"Life Time Group Holdings, Inc.",Leisure
LTM,LATAM Airlines Group S.A.,Airlines
LTRN,Lantern Pharma Inc.,Biotechnology
LTRX,"Lantronix, Inc.",Communication Equipment
LTRY,Lottery.com Inc.,Gambling
LU,Lufax Holding Ltd,Credit Services
LUCD,Lucid Diagnostics Inc.,Medical Devices
LUCK,Lucky Strike Entertainment Corporation,Leisure
LUCY,"Innovative Eyewear, Inc.",Medical Instruments & Supplies
LUD,Luda Technology Group Limited,Steel
LULU,lululemon athletica inc.,Apparel Retail
LUMN,"Lumen Technologies, Inc.",Telecom Services
LUNG,Pulmonx Corporation,Medical Devices
LUNR,"Intuitive Machines, Inc.",Aerospace & Defense
LUV,Southwest Airlines Co.,Airlines
LUXE,LuxExperience B.V.,Luxury Goods
LVLU,"Lulu's Fashion Lounge Holdings, Inc.",Apparel Retail
LVO,"LiveOne, Inc.",Entertainment
LVRO,Lavoro Limited,Agricultural Inputs
LVS,Las Vegas Sands Corp.,Resorts & Casinos
LVTX,LAVA Therapeutics N.V.,Biotechnology
LVWR,"LiveWire Group, Inc.",Auto Manufacturers
LW,"Lamb Weston Holdings, Inc.",Packaged Foods
LWAY,"Lifeway Foods, Inc.",Packaged Foods
LWLG,"Lightwave Logic, Inc.",Specialty Chemicals
LX,LexinFintech Holdings Ltd.,Credit Services
LXEH,"Lixiang Education Holding Co., Ltd.",Education & Training Services
LXEO,"Lexeo Therapeutics, Inc.",Biotechnology
LXFR,Luxfer Holdings PLC,Specialty Industrial Machinery
LXP,LXP Industrial Trust,REIT - Industrial
LXRX,"Lexicon Pharmaceuticals, Inc.",Biotechnology
LXU,"LSB Industries, Inc.",Chemicals
LYB,LyondellBasell Industries N.V.,Specialty Chemicals
LYEL,"Lyell Immunopharma, Inc.",Biotechnology
LYFT,"Lyft, Inc.",Software - Application
LYG,Lloyds Banking Group plc,Banks - Regional
LYRA,"Lyra Therapeutics, Inc.",Biotechnology
LYTS,LSI Industries Inc.,Electronic Components
LYV,"Live Nation Entertainment, Inc.",Entertainment
LZB,La-Z-Boy Incorporated,"Furnishings, Fixtures & Appliances"
LZM,Lifezone Metals Limited,Other Industrial Metals & Mining
LZMH,LZ Technology Holdings Limited,Information Technology Services
M,"Macy's, Inc.",Department Stores
MA,Mastercard Incorporated,Credit Services
MAA,"Mid-America Apartment Communities, Inc.",REIT - Residential
MAAS,Highest Performances Holdings Inc.,Asset Management
MAC,The Macerich Company,REIT - Retail
MACI,Melar Acquisition Corp. I,Shell Companies
MAG,MAG Silver Corp.,Silver
MAGN,Magnera Corporation,Paper & Paper Products
MAIA,"MAIA Biotechnology, Inc.",Biotechnology
MAIN,Main Street Capital Corporation,Asset Management
MAMA,"Mama's Creations, Inc.",Packaged Foods
MAMO,Massimo Group,Recreational Vehicles
MAN,ManpowerGroup Inc.,Staffing & Employment Services
MANH,"Manhattan Associates, Inc.",Software - Application
MANU,Manchester United plc,Entertainment
MAPS,"WM Technology, Inc.",Software - Application
MAR,"Marriott International, Inc.",Lodging
MARA,"MARA Holdings, Inc.",Capital Markets
MARPS,Marine Petroleum Trust,Oil & Gas Midstream
MAS,Masco Corporation,Building Products & Equipment
MASI,Masimo Corporation,Medical Devices
MASK,3 E Network Technology Group Limited,Software - Application
MASS,908 Devices Inc.,Medical Devices
MAT,"Mattel, Inc.",Leisure
MATH,Metalpha Technology Holding Limited,Capital Markets
MATV,"Mativ Holdings, Inc.",Specialty Chemicals
MATW,Matthews International Corporation,Conglomerates
MATX,"Matson, Inc.",Marine Shipping
MAX,"MediaAlpha, Inc.",Internet Content & Information
MAXN,"Maxeon Solar Technologies, Ltd.",Solar
MAYA,Maywood Acquisition Corp.,Shell Companies
MAYS,"J.W. Mays, Inc.",Real Estate Services
MAZE,"Maze Therapeutics, Inc.",Biotechnology
MB,MasterBeef Group,Restaurants
MBAV,M3-Brigade Acquisition V Corp.,Shell Companies
MBBC,"Marathon Bancorp, Inc.",Banks - Regional
MBC,"MasterBrand, Inc.","Furnishings, Fixtures & Appliances"
MBCN,Middlefield Banc Corp.,Banks - Regional
MBI,MBIA Inc.,Insurance - Specialty
MBIN,Merchants Bancorp,Banks - Regional
MBIO,"Mustang Bio, Inc.",Biotechnology
MBLY,Mobileye Global Inc.,Auto Parts
MBOT,Microbot Medical Inc.,Medical Instruments & Supplies
MBRX,"Moleculin Biotech, Inc.",Biotechnology
MBUU,"Malibu Boats, Inc.",Recreational Vehicles
MBWM,Mercantile Bank Corporation,Banks - Regional
MBX,"MBX Biosciences, Inc.",Biotechnology
MC,Moelis & Company,Capital Markets
MCB,Metropolitan Bank Holding Corp.,Banks - Regional
MCBS,"MetroCity Bankshares, Inc.",Banks - Regional
MCD,McDonald's Corporation,Restaurants
MCFT,"MasterCraft Boat Holdings, Inc.",Recreational Vehicles
MCHP,Microchip Technology Incorporated,Semiconductors
MCHX,"Marchex, Inc.",Advertising Agencies
MCK,McKesson Corporation,Medical Distribution
MCO,Moody's Corporation,Financial Data & Stock Exchanges
MCRB,"Seres Therapeutics, Inc.",Biotechnology
MCRI,"Monarch Casino & Resort, Inc.",Resorts & Casinos
MCRP,Micropolis Holding Company,Software - Infrastructure
MCS,The Marcus Corporation,Entertainment
MCTR,Ctrl Group Limited,Advertising Agencies
MCVT,"Mill City Ventures III, Ltd.",Credit Services
MCW,"Mister Car Wash, Inc.",Auto & Truck Dealerships
MCY,Mercury General Corporation,Insurance - Property & Casualty
MD,"Pediatrix Medical Group, Inc.",Medical Care Facilities
MDAI,"Spectral AI, Inc.",Medical Devices
MDB,"MongoDB, Inc.",Software - Infrastructure
MDBH,"MDB Capital Holdings, LLC",Capital Markets
MDCX,Medicus Pharma Ltd.,Drug Manufacturers - General
MDGL,"Madrigal Pharmaceuticals, Inc.",Biotechnology
MDIA,MediaCo Holding Inc.,Broadcasting
MDLZ,"Mondelez International, Inc.",Confectioners
MDRR,"Medalist Diversified REIT, Inc.",REIT - Diversified
MDT,Medtronic plc,Medical Devices
MDU,"MDU Resources Group, Inc.",Conglomerates
MDV,"Modiv Industrial, Inc.",REIT - Industrial
MDWD,MediWound Ltd.,Biotechnology
MDXG,"MiMedx Group, Inc.",Biotechnology
MDXH,MDxHealth SA,Diagnostics & Research
MEC,"Mayville Engineering Company, Inc.",Metal Fabrication
MED,"Medifast, Inc.",Personal Services
MEDP,"Medpace Holdings, Inc.",Diagnostics & Research
MEG,"Montrose Environmental Group, Inc.",Waste Management
MEGL,Magic Empire Global Limited,Capital Markets
MEI,"Methode Electronics, Inc.",Electronic Components
MEIP,"MEI Pharma, Inc.",Biotechnology
MELI,"MercadoLibre, Inc.",Internet Retail
MEOH,Methanex Corporation,Chemicals
MERC,Mercer International Inc.,Paper & Paper Products
MESA,"Mesa Air Group, Inc.",Airlines
MESO,Mesoblast Limited,Biotechnology
MET,"MetLife, Inc.",Insurance - Life
META,"Meta Platforms, Inc.",Internet Content & Information
METC,"Ramaco Resources, Inc.",Coking Coal
METCB,"Ramaco Resources, Inc.",Coking Coal
MFA,"MFA Financial, Inc.",REIT - Mortgage
MFC,Manulife Financial Corporation,Insurance - Life
MFG,"Mizuho Financial Group, Inc.",Banks - Regional
MFH,Mercurity Fintech Holding Inc.,Information Technology Services
MFI,mF International Limited,Software - Application
MFIC,MidCap Financial Investment Corporation,Asset Management
MFIN,Medallion Financial Corp.,Credit Services
MG,"Mistras Group, Inc.",Security & Protection Services
MGA,Magna International Inc.,Auto Parts
MGEE,"MGE Energy, Inc.",Utilities - Regulated Electric
MGIC,Magic Software Enterprises Ltd.,Information Technology Services
MGIH,Millennium Group International Holdings Limited,Packaging & Containers
MGLD,"The Marygold Companies, Inc.",Asset Management
MGM,MGM Resorts International,Resorts & Casinos
MGNI,"Magnite, Inc.",Advertising Agencies
MGNX,"MacroGenics, Inc.",Biotechnology
MGPI,"MGP Ingredients, Inc.",Beverages - Wineries & Distilleries
MGRC,McGrath RentCorp,Rental & Leasing Services
MGRM,Monogram Technologies Inc.,Medical Devices
MGRX,"Mangoceuticals, Inc.",Health Information Services
MGTX,MeiraGTx Holdings plc,Biotechnology
MGX,"Metagenomi, Inc.",Biotechnology
MGY,Magnolia Oil & Gas Corporation,Oil & Gas Exploration & Production
MGYR,"Magyar Bancorp, Inc.",Banks - Regional
MHH,"Mastech Digital, Inc.",Staffing & Employment Services
MHK,"Mohawk Industries, Inc.","Furnishings, Fixtures & Appliances"
MHO,"M/I Homes, Inc.",Residential Construction
MHUA,"Meihua International Medical Technologies Co., Ltd.",Medical Instruments & Supplies
MI,NFT Limited,Internet Retail
MIDD,The Middleby Corporation,Specialty Industrial Machinery
MIGI,Mawson Infrastructure Group Inc.,Capital Markets
MIMI,Mint Incorporation Limited,Engineering & Construction
MIND,"MIND Technology, Inc.",Scientific & Technical Instruments
MINM,"FiEE, Inc.",Communication Equipment
MIR,"Mirion Technologies, Inc.",Specialty Industrial Machinery
MIRA,"MIRA Pharmaceuticals, Inc.",Drug Manufacturers - General
MIRM,"Mirum Pharmaceuticals, Inc.",Biotechnology
MIST,Milestone Pharmaceuticals Inc.,Biotechnology
MITK,"Mitek Systems, Inc.",Software - Application
MITQ,"Moving iMage Technologies, Inc.",Communication Equipment
MITT,"AG Mortgage Investment Trust, Inc.",REIT - Mortgage
MKC,"McCormick & Company, Incorporated",Packaged Foods
MKC.V,"McCormick & Company, Incorporated",Packaged Foods
MKDW,MKDWELL Tech Inc.,Auto Parts
MKL,Markel Group Inc.,Insurance - Property & Casualty
MKSI,MKS Inc.,Scientific & Technical Instruments
MKTW,"MarketWise, Inc.",Financial Data & Stock Exchanges
MKTX,MarketAxess Holdings Inc.,Capital Markets
MKZR,"MacKenzie Realty Capital, Inc.",REIT - Diversified
MLAB,"Mesa Laboratories, Inc.",Scientific & Technical Instruments
MLAC,Mountain Lake Acquisition Corp.,Shell Companies
MLCO,Melco Resorts & Entertainment Limited,Resorts & Casinos
MLEC,Moolec Science SA,Biotechnology
MLGO,MicroAlgo Inc.,Software - Infrastructure
MLI,"Mueller Industries, Inc.",Metal Fabrication
MLKN,"MillerKnoll, Inc.","Furnishings, Fixtures & Appliances"
MLM,"Martin Marietta Materials, Inc.",Building Materials
MLNK,"MeridianLink, Inc.",Software - Application
MLP,"Maui Land & Pineapple Company, Inc.",Real Estate Services
MLR,"Miller Industries, Inc.",Auto Parts
MLSS,Milestone Scientific Inc.,Medical Instruments & Supplies
MLTX,MoonLake Immunotherapeutics,Biotechnology
MLYS,"Mineralys Therapeutics, Inc.",Biotechnology
MMA,Mixed Martial Arts Group Limited,Leisure
MMC,"Marsh & McLennan Companies, Inc.",Insurance Brokers
MMI,"Marcus & Millichap, Inc.",Real Estate Services
MMLP,Martin Midstream Partners L.P.,Oil & Gas Midstream
MMM,3M Company,Conglomerates
MMS,"Maximus, Inc.",Specialty Business Services
MMSI,"Merit Medical Systems, Inc.",Medical Instruments & Supplies
MMYT,MakeMyTrip Limited,Travel Services
MNDO,MIND C.T.I. Ltd,Software - Application
MNDR,Mobile-health Network Solutions,Health Information Services
MNDY,monday.com Ltd.,Software - Application
MNKD,MannKind Corporation,Biotechnology
MNMD,Mind Medicine (MindMed) Inc.,Biotechnology
MNOV,"MediciNova, Inc.",Biotechnology
MNPR,Monopar Therapeutics Inc.,Biotechnology
MNR,Mach Natural Resources LP,Oil & Gas Exploration & Production
MNRO,"Monro, Inc.",Auto Parts
MNSB,"MainStreet Bancshares, Inc.",Banks - Regional
MNSO,MINISO Group Holding Limited,Specialty Retail
MNST,Monster Beverage Corporation,Beverages - Non-Alcoholic
MNTK,"Montauk Renewables, Inc.",Specialty Chemicals
MNTN,"MNTN, Inc.",Advertising Agencies
MNTS,Momentus Inc.,Aerospace & Defense
MNY,MoneyHero Limited,Internet Content & Information
MO,"Altria Group, Inc.",Tobacco
MOB,Mobilicom Limited,Aerospace & Defense
MOBX,"Mobix Labs, Inc.",Semiconductors
MOD,Modine Manufacturing Company,Auto Parts
MODD,"Modular Medical, Inc.",Medical Devices
MODG,Topgolf Callaway Brands Corp.,Leisure
MODV,ModivCare Inc.,Medical Care Facilities
MOFG,"MidWestOne Financial Group, Inc.",Banks - Regional
MOG.A,Moog Inc.,Aerospace & Defense
MOG.B,Moog Inc.,Aerospace & Defense
MOGO,Mogo Inc.,Software - Infrastructure
MOGU,MOGU Inc.,Internet Retail
MOH,"Molina Healthcare, Inc.",Healthcare Plans
MOLN,Molecular Partners AG,Biotechnology
MOMO,Hello Group Inc.,Internet Content & Information
MORN,"Morningstar, Inc.",Financial Data & Stock Exchanges
MOS,The Mosaic Company,Agricultural Inputs
MOV,"Movado Group, Inc.",Luxury Goods
MOVE,Movano Inc.,Medical Devices
MP,MP Materials Corp.,Other Industrial Metals & Mining
MPAA,"Motorcar Parts of America, Inc.",Auto Parts
MPB,"Mid Penn Bancorp, Inc.",Banks - Regional
MPC,Marathon Petroleum Corporation,Oil & Gas Refining & Marketing
MPLX,MPLX LP,Oil & Gas Midstream
MPTI,"M-tron Industries, Inc.",Electronic Components
MPU,Mega Matrix Inc.,Entertainment
MPW,"Medical Properties Trust, Inc.",REIT - Healthcare Facilities
MPWR,"Monolithic Power Systems, Inc.",Semiconductors
MPX,Marine Products Corporation,Recreational Vehicles
MQ,"Marqeta, Inc.",Software - Infrastructure
MRAM,"Everspin Technologies, Inc.",Semiconductors
MRBK,Meridian Corporation,Banks - Regional
MRC,MRC Global Inc.,Oil & Gas Equipment & Services
MRCC,Monroe Capital Corporation,Asset Management
MRCY,"Mercury Systems, Inc.",Aerospace & Defense
MREO,Mereo BioPharma Group plc,Biotechnology
MRIN,Marin Software Incorporated,Software - Application
MRK,"Merck & Co., Inc.",Drug Manufacturers - General
MRKR,"Marker Therapeutics, Inc.",Biotechnology
MRM,MEDIROM Healthcare Technologies Inc.,Personal Services
MRNA,"Moderna, Inc.",Biotechnology
MRNO,Murano Global Investments Plc,Real Estate - Development
MRP,"Millrose Properties, Inc.",REIT - Residential
MRSN,"Mersana Therapeutics, Inc.",Biotechnology
MRT,"Marti Technologies, Inc.",Software - Application
MRTN,"Marten Transport, Ltd.",Trucking
MRUS,Merus N.V.,Biotechnology
MRVI,"Maravai LifeSciences Holdings, Inc.",Biotechnology
MRVL,"Marvell Technology, Inc.",Semiconductors
MRX,Marex Group plc,Capital Markets
MS,Morgan Stanley,Capital Markets
MSA,MSA Safety Incorporated,Security & Protection Services
MSAI,"MultiSensor AI Holdings, Inc.",Software - Infrastructure
MSB,Mesabi Trust,Steel
MSBI,"Midland States Bancorp, Inc.",Banks - Regional
MSC,Studio City International Holdings Limited,Resorts & Casinos
MSCI,MSCI Inc.,Financial Data & Stock Exchanges
MSDL,Morgan Stanley Direct Lending Fund,Asset Management
MSEX,Middlesex Water Company,Utilities - Regulated Water
MSFT,Microsoft Corporation,Software - Infrastructure
MSGE,Madison Square Garden Entertainment Corp.,Leisure
MSGM,Motorsport Games Inc.,Electronic Gaming & Multimedia
MSGS,Madison Square Garden Sports Corp.,Entertainment
MSI,"Motorola Solutions, Inc.",Communication Equipment
MSIF,"MSC Income Fund, Inc.",Asset Management
MSM,"MSC Industrial Direct Co., Inc.",Industrial Distribution
MSN,Emerson Radio Corp.,Consumer Electronics
MSPR,"MSP Recovery, Inc.",Health Information Services
MSS,Maison Solutions Inc.,Grocery Stores
MSTR,MicroStrategy Incorporated,Software - Application
MSW,Ming Shing Group Holdings Limited,Engineering & Construction
MT,ArcelorMittal S.A.,Steel
MTA,Metalla Royalty & Streaming Ltd.,Other Precious Metals & Mining
MTAL,MAC Copper Limited,Copper
MTB,M&T Bank Corporation,Banks - Regional
MTC,"MMTec, Inc.",Software - Application
MTCH,"Match Group, Inc.",Internet Content & Information
MTD,Mettler-Toledo International Inc.,Diagnostics & Research
MTDR,Matador Resources Company,Oil & Gas Exploration & Production
MTEK,Maris-Tech Ltd.,Electronic Components
MTEN,Mingteng International Corporation Inc.,Metal Fabrication
MTEX,"Mannatech, Incorporated",Food Distribution
MTG,MGIC Investment Corporation,Insurance - Specialty
MTH,Meritage Homes Corporation,Residential Construction
MTLS,Materialise NV,Software - Application
MTN,"Vail Resorts, Inc.",Resorts & Casinos
MTNB,"Matinas BioPharma Holdings, Inc.",Biotechnology
MTR,Mesa Royalty Trust,Oil & Gas Exploration & Production
MTRN,Materion Corporation,Other Industrial Metals & Mining
MTRX,Matrix Service Company,Engineering & Construction
MTSI,"MACOM Technology Solutions Holdings, Inc.",Semiconductors
MTSR,"Metsera, Inc.",Biotechnology
MTUS,Metallus Inc.,Steel
MTVA,MetaVia Inc.,Biotechnology
MTW,"The Manitowoc Company, Inc.",Farm & Heavy Construction Machinery
MTX,Minerals Technologies Inc.,Specialty Chemicals
MTZ,"MasTec, Inc.",Engineering & Construction
MU,"Micron Technology, Inc.",Semiconductors
MUFG,"Mitsubishi UFJ Financial Group, Inc.",Banks - Diversified
MULN,"Mullen Automotive, Inc.",Auto Manufacturers
MUR,Murphy Oil Corporation,Oil & Gas Exploration & Production
MURA,Mural Oncology plc,Biotechnology
MUSA,Murphy USA Inc.,Specialty Retail
MUX,McEwen Mining Inc.,Other Precious Metals & Mining
MVBF,MVB Financial Corp.,Banks - Regional
MVIS,"MicroVision, Inc.",Scientific & Technical Instruments
MVST,"Microvast Holdings, Inc.",Auto Parts
MWA,"Mueller Water Products, Inc.",Specialty Industrial Machinery
MWG,Multi Ways Holdings Limited,Rental & Leasing Services
MWYN,"Marwynn Holdings, Inc.",Beverages - Non-Alcoholic
MX,Magnachip Semiconductor Corporation,Semiconductors
MXC,Mexco Energy Corporation,Oil & Gas Exploration & Production
MXCT,"MaxCyte, Inc.",Medical Devices
MXL,"MaxLinear, Inc.",Semiconductors
MYE,"Myers Industries, Inc.",Packaging & Containers
MYFW,"First Western Financial, Inc.",Banks - Regional
MYGN,"Myriad Genetics, Inc.",Diagnostics & Research
MYND,"Mynd.ai, Inc.",Education & Training Services
MYNZ,Mainz Biomed N.V.,Diagnostics & Research
MYO,"Myomo, Inc.",Medical Devices
MYPS,"PLAYSTUDIOS, Inc.",Electronic Gaming & Multimedia
MYRG,MYR Group Inc.,Engineering & Construction
MYSZ,"My Size, Inc.",Software - Application
NA,Nano Labs Ltd,Semiconductors
NAAS,NaaS Technology Inc.,Specialty Retail
NABL,"N-able, Inc.",Information Technology Services
NAGE,"Niagen Bioscience, Inc.",Biotechnology
NAII,"Natural Alternatives International, Inc.",Packaged Foods
NAK,Northern Dynasty Minerals Ltd.,Other Industrial Metals & Mining
NAKA,"Kindly MD, Inc.",Medical Care Facilities
NAMI,Jinxin Technology Holding Company,Internet Content & Information
NAMM,Namib Minerals,-
NAMS,NewAmsterdam Pharma Company N.V.,Biotechnology
NAOV,"NanoVibronix, Inc.",Medical Devices
NAT,Nordic American Tankers Limited,Oil & Gas Midstream
NATH,"Nathan's Famous, Inc.",Restaurants
NATL,NCR Atleos Corporation,Software - Application
NATR,"Nature's Sunshine Products, Inc.",Packaged Foods
NAUT,"Nautilus Biotechnology, Inc.",Biotechnology
NAVI,Navient Corporation,Credit Services
NB,NioCorp Developments Ltd.,Other Industrial Metals & Mining
NBBK,"NB Bancorp, Inc.",Banks - Regional
NBHC,National Bank Holdings Corporation,Banks - Regional
NBIS,Nebius Group N.V.,Internet Content & Information
NBIX,"Neurocrine Biosciences, Inc.",Drug Manufacturers - Specialty & Generic
NBN,Northeast Bank,Banks - Regional
NBR,Nabors Industries Ltd.,Oil & Gas Drilling
NBTB,NBT Bancorp Inc.,Banks - Regional
NBTX,Nanobiotix S.A.,Biotechnology
NBY,"NovaBay Pharmaceuticals, Inc.",Biotechnology
NC,"NACCO Industries, Inc.",Thermal Coal
NCDL,Nuveen Churchill Direct Lending Corp.,Asset Management
NCEW,New Century Logistics (BVI) Limited,Integrated Freight & Logistics
NCI,Neo-Concept International Group Holdings Limited,Apparel Manufacturing
NCL,Northann Corp.,"Furnishings, Fixtures & Appliances"
NCLH,Norwegian Cruise Line Holdings Ltd.,Travel Services
NCMI,"National CineMedia, Inc.",Advertising Agencies
NCNA,NuCana plc,Biotechnology
NCNO,"nCino, Inc.",Software - Application
NCPL,Netcapital Inc.,Capital Markets
NCRA,"Nocera, Inc.",Packaged Foods
NCSM,"NCS Multistage Holdings, Inc.",Oil & Gas Equipment & Services
NCT,Intercont (Cayman) Limited,Marine Shipping
NCTY,The9 Limited,Capital Markets
NDAQ,"Nasdaq, Inc.",Financial Data & Stock Exchanges
NDLS,Noodles & Company,Restaurants
NDRA,ENDRA Life Sciences Inc.,Diagnostics & Research
NDSN,Nordson Corporation,Specialty Industrial Machinery
NE,Noble Corporation plc,Oil & Gas Drilling
NECB,"Northeast Community Bancorp, Inc.",Banks - Regional
NEE,"NextEra Energy, Inc.",Utilities - Regulated Electric
NEGG,"Newegg Commerce, Inc.",Internet Retail
NEHC,"New Era Helium, Inc.",Oil & Gas Exploration & Production
NEM,Newmont Corporation,Gold
NEN,New England Realty Associates Limited Partnership,Real Estate Services
NEO,"NeoGenomics, Inc.",Diagnostics & Research
NEOG,Neogen Corporation,Diagnostics & Research
NEON,Neonode Inc.,Electronic Components
NEOV,NeoVolta Inc.,Electrical Equipment & Parts
NEPH,"Nephros, Inc.",Medical Instruments & Supplies
NERV,"Minerva Neurosciences, Inc.",Biotechnology
NESR,National Energy Services Reunited Corp.,Oil & Gas Equipment & Services
NET,"Cloudflare, Inc.",Software - Infrastructure
NETD,Nabors Energy Transition Corp. II,Shell Companies
NEU,NewMarket Corporation,Specialty Chemicals
NEUE,"NeueHealth, Inc.",Healthcare Plans
NEUP,Neuphoria Therapeutics Inc.,Biotechnology
NEWP,New Pacific Metals Corp.,Other Precious Metals & Mining
NEWT,"NewtekOne, Inc.",Banks - Regional
NEXA,Nexa Resources S.A.,Other Industrial Metals & Mining
NEXN,Nexxen International Ltd.,Advertising Agencies
NEXT,NextDecade Corporation,Oil & Gas Equipment & Services
NFBK,"Northfield Bancorp, Inc. (Staten Island, NY)",Banks - Regional
NFE,New Fortress Energy Inc.,Oil & Gas Midstream
NFG,National Fuel Gas Company,Oil & Gas Integrated
NFGC,New Found Gold Corp.,Gold
NFLX,"Netflix, Inc.",Entertainment
NG,NovaGold Resources Inc.,Gold
NGD,New Gold Inc.,Gold
NGG,National Grid plc,Utilities - Regulated Electric
NGL,NGL Energy Partners LP,Oil & Gas Midstream
NGNE,Neurogene Inc.,Biotechnology
NGS,"Natural Gas Services Group, Inc.",Oil & Gas Equipment & Services
NGVC,"Natural Grocers by Vitamin Cottage, Inc.",Grocery Stores
NGVT,Ingevity Corporation,Specialty Chemicals
NHC,National HealthCare Corporation,Medical Care Facilities
NHI,"National Health Investors, Inc.",REIT - Healthcare Facilities
NHIC,NewHold Investment Corp III,Shell Companies
NHTC,Natural Health Trends Corp.,Internet Retail
NI,NiSource Inc.,Utilities - Regulated Gas
NIC,"Nicolet Bankshares, Inc.",Banks - Regional
NICE,NICE Ltd.,Software - Application
NINE,"Nine Energy Service, Inc.",Oil & Gas Equipment & Services
NIO,NIO Inc.,Auto Manufacturers
NIPG,NIP Group Inc.,Entertainment
NISN,"Nisun International Enterprise Development Group Co., Ltd",Specialty Business Services
NITO,"N2OFF, Inc.",Agricultural Inputs
NIU,Niu Technologies,Auto Manufacturers
NIVF,NewGenIvf Group Limited,Medical Care Facilities
NIXX,"Nixxy, Inc.",Staffing & Employment Services
NJR,New Jersey Resources Corporation,Utilities - Regulated Gas
NKE,"NIKE, Inc.",Footwear & Accessories
NKSH,"National Bankshares, Inc.",Banks - Regional
NKTR,Nektar Therapeutics,Biotechnology
NKTX,"Nkarta, Inc.",Biotechnology
NL,"NL Industries, Inc.",Security & Protection Services
NLOP,Net Lease Office Properties,REIT - Office
NLSP,NLS Pharmaceutics AG,Biotechnology
NLY,"Annaly Capital Management, Inc.",REIT - Mortgage
NMAX,Newsmax Inc.,Broadcasting
NMFC,New Mountain Finance Corporation,Asset Management
NMG,Nouveau Monde Graphite Inc.,Other Industrial Metals & Mining
NMIH,"NMI Holdings, Inc.",Insurance - Specialty
NMM,Navios Maritime Partners L.P.,Marine Shipping
NMR,"Nomura Holdings, Inc.",Capital Markets
NMRA,"Neumora Therapeutics, Inc.",Biotechnology
NMRK,"Newmark Group, Inc.",Real Estate Services
NMTC,NeuroOne Medical Technologies Corporation,Medical Devices
NN,NextNav Inc.,Software - Infrastructure
NNBR,"NN, Inc.",Conglomerates
NNDM,Nano Dimension Ltd.,Computer Hardware
NNE,NANO Nuclear Energy Inc.,Specialty Industrial Machinery
NNI,"Nelnet, Inc.",Credit Services
NNN,"NNN REIT, Inc.",REIT - Retail
NNNN,Anbio Biotechnology,Medical Instruments & Supplies
NNOX,Nano-X Imaging Ltd.,Medical Devices
NNVC,"NanoViricides, Inc.",Biotechnology
NOA,North American Construction Group Ltd.,Oil & Gas Equipment & Services
NOAH,Noah Holdings Limited,Asset Management
NOC,Northrop Grumman Corporation,Aerospace & Defense
NODK,"NI Holdings, Inc.",Insurance - Property & Casualty
NOEM,CO2 Energy Transition Corp.,Shell Companies
NOG,"Northern Oil and Gas, Inc.",Oil & Gas Exploration & Production
NOK,Nokia Oyj,Communication Equipment
NOMD,Nomad Foods Limited,Packaged Foods
NOTE,"FiscalNote Holdings, Inc.",Information Technology Services
NOTV,"Inotiv, Inc.",Diagnostics & Research
NOV,NOV Inc.,Oil & Gas Equipment & Services
NOVA,Sunnova Energy International Inc.,Solar
NOVT,Novanta Inc.,Scientific & Technical Instruments
NOW,"ServiceNow, Inc.",Software - Application
NPAC,New Providence Acquisition Corp. III,Shell Companies
NPB,"Northpointe Bancshares, Inc.",Banks - Regional
NPCE,"NeuroPace, Inc.",Medical Devices
NPK,"National Presto Industries, Inc.",Aerospace & Defense
NPKI,NPK International Inc.,Oil & Gas Equipment & Services
NPO,Enpro Inc.,Specialty Industrial Machinery
NPWR,NET Power Inc.,Specialty Industrial Machinery
NRC,National Research Corporation,Health Information Services
NRDS,"NerdWallet, Inc.",Internet Content & Information
NRDY,"Nerdy, Inc.",Software - Application
NREF,"NexPoint Real Estate Finance, Inc.",REIT - Mortgage
NRG,"NRG Energy, Inc.",Utilities - Independent Power Producers
NRGV,"Energy Vault Holdings, Inc.",Utilities - Renewable
NRIM,"Northrim BanCorp, Inc.",Banks - Regional
NRIX,"Nurix Therapeutics, Inc.",Biotechnology
NRP,Natural Resource Partners L.P.,Thermal Coal
NRSN,NeuroSense Therapeutics Ltd.,Biotechnology
NRT,North European Oil Royalty Trust,Oil & Gas Exploration & Production
NRXP,"NRx Pharmaceuticals, Inc.",Biotechnology
NRXS,"NeurAxis, Inc.",Biotechnology
NSA,National Storage Affiliates Trust,REIT - Industrial
NSC,Norfolk Southern Corporation,Railroads
NSIT,"Insight Enterprises, Inc.",Electronics & Computer Distribution
NSP,"Insperity, Inc.",Staffing & Employment Services
NSPR,"InspireMD, Inc.",Medical Devices
NSSC,"Napco Security Technologies, Inc.",Security & Protection Services
NSTS,"NSTS Bancorp, Inc.",Banks - Regional
NSYS,Nortech Systems Incorporated,Medical Devices
NTAP,"NetApp, Inc.",Computer Hardware
NTB,The Bank of N.T. Butterfield & Son Limited,Banks - Diversified
NTCL,NetClass Technology Inc,Software - Application
NTCT,"NetScout Systems, Inc.",Software - Infrastructure
NTES,"NetEase, Inc.",Electronic Gaming & Multimedia
NTGR,"NETGEAR, Inc.",Communication Equipment
NTHI,"NeOnc Technologies Holdings, Inc.",Biotechnology
NTIC,Northern Technologies International Corporation,Specialty Chemicals
NTIP,"Network-1 Technologies, Inc.",Specialty Business Services
NTLA,"Intellia Therapeutics, Inc.",Biotechnology
NTNX,"Nutanix, Inc.",Software - Infrastructure
NTR,Nutrien Ltd.,Agricultural Inputs
NTRA,"Natera, Inc.",Diagnostics & Research
NTRB,Nutriband Inc.,Biotechnology
NTRP,"NextTrip, Inc.",Travel Services
NTRS,Northern Trust Corporation,Asset Management
NTST,NETSTREIT Corp.,REIT - Retail
NTWK,"NetSol Technologies, Inc.",Software - Application
NTWO,Newbury Street II Acquisition Corp,Shell Companies
NTZ,Natuzzi S.p.A.,"Furnishings, Fixtures & Appliances"
NU,Nu Holdings Ltd.,Banks - Regional
NUE,Nucor Corporation,Steel
NUKK,Nukkleus Inc.,Software - Application
NUS,"Nu Skin Enterprises, Inc.",Household & Personal Products
NUTX,Nutex Health Inc.,Medical Care Facilities
NUVB,,
NUVL,"Nuvalent, Inc.",Biotechnology
NUWE,"Nuwellis, Inc.",Medical Devices
NVA,Nova Minerals Limited,Other Industrial Metals & Mining
NVAX,"Novavax, Inc.",Biotechnology
NVCR,NovoCure Limited,Medical Devices
NVCT,"Nuvectis Pharma, Inc.",Biotechnology
NVDA,NVIDIA Corporation,Semiconductors
NVEC,NVE Corporation,Semiconductors
NVEE,"NV5 Global, Inc.",Engineering & Construction
NVFY,"Nova LifeStyle, Inc.","Furnishings, Fixtures & Appliances"
NVGS,Navigator Holdings Ltd.,Oil & Gas Midstream
NVMI,Nova Ltd.,Semiconductor Equipment & Materials
NVNI,Nvni Group Limited,Software - Application
NVNO,enVVeno Medical Corporation,Medical Devices
NVO,Novo Nordisk A/S,Drug Manufacturers - General
NVR,"NVR, Inc.",Residential Construction
NVRI,Enviri Corporation,Waste Management
NVS,Novartis AG,Drug Manufacturers - General
NVST,Envista Holdings Corporation,Medical Instruments & Supplies
NVT,nVent Electric plc,Electrical Equipment & Parts
NVTS,Navitas Semiconductor Corporation,Semiconductors
NVVE,Nuvve Holding Corp.,Specialty Retail
NVX,NOVONIX Limited,Electrical Equipment & Parts
NWBI,"Northwest Bancshares, Inc.",Banks - Regional
NWE,"NorthWestern Energy Group, Inc.",Utilities - Regulated Electric
NWFL,Norwood Financial Corp.,Banks - Regional
NWG,NatWest Group plc,Banks - Regional
NWGL,Nature Wood Group Limited,Lumber & Wood Production
NWL,Newell Brands Inc.,Household & Personal Products
NWN,Northwest Natural Holding Company,Utilities - Regulated Gas
NWPX,Northwest Pipe Company,Steel
NWS,News Corporation,Entertainment
NWSA,News Corporation,Entertainment
NWTG,"Newton Golf Company, Inc.",Leisure
NWTN,NWTN Inc.,Auto Manufacturers
NX,Quanex Building Products Corporation,Building Products & Equipment
NXE,NexGen Energy Ltd.,Uranium
NXGL,"NEXGEL, Inc.",Medical Instruments & Supplies
NXL,"Nexalin Technology, Inc.",Medical Devices
NXPI,NXP Semiconductors N.V.,Semiconductors
NXPL,NextPlat Corp,Software - Application
NXRT,"NexPoint Residential Trust, Inc.",REIT - Residential
NXST,"Nexstar Media Group, Inc.",Broadcasting
NXT,Nextracker Inc.,Solar
NXTC,"NextCure, Inc.",Biotechnology
NXTT,Next Technology Holding Inc.,Software - Application
NXXT,NextNRG Inc.,Utilities - Renewable
NYAX,Nayax Ltd.,Software - Infrastructure
NYC,American Strategic Investment Co.,Real Estate Services
NYMT,"New York Mortgage Trust, Inc.",REIT - Mortgage
NYT,The New York Times Company,Publishing
NYXH,Nyxoah SA,Medical Instruments & Supplies
O,Realty Income Corporation,REIT - Retail
OABI,"OmniAb, Inc.",Biotechnology
OACC,Oaktree Acquisition Corp. III Life Sciences,Shell Companies
OAKU,Oak Woods Acquisition Corporation,Shell Companies
OB,Outbrain Inc.,Internet Content & Information
OBDC,Blue Owl Capital Corporation,Asset Management
OBE,Obsidian Energy Ltd.,Oil & Gas Exploration & Production
OBIO,"Orchestra BioMed Holdings, Inc.",Biotechnology
OBK,"Origin Bancorp, Inc.",Banks - Regional
OBLG,"Oblong, Inc.",Software - Application
OBT,"Orange County Bancorp, Inc.",Banks - Regional
OC,Owens Corning,Building Products & Equipment
OCC,Optical Cable Corporation,Communication Equipment
OCFC,OceanFirst Financial Corp.,Banks - Regional
OCFT,"OneConnect Financial Technology Co., Ltd.",Software - Application
OCG,Oriental Culture Holding LTD,Internet Retail
OCGN,"Ocugen, Inc.",Biotechnology
OCS,Oculis Holding AG,Biotechnology
OCSL,Oaktree Specialty Lending Corporation,Asset Management
OCTO,Eightco Holdings Inc.,Packaging & Containers
OCUL,"Ocular Therapeutix, Inc.",Biotechnology
OCX,OncoCyte Corporation,Diagnostics & Research
ODC,Oil-Dri Corporation of America,Specialty Chemicals
ODD,Oddity Tech Ltd.,Software - Infrastructure
ODFL,"Old Dominion Freight Line, Inc.",Trucking
ODP,The ODP Corporation,Specialty Retail
ODV,Osisko Development Corp.,Gold
ODYS,Odysight.ai Inc.,Scientific & Technical Instruments
OEC,Orion S.A.,Specialty Chemicals
OESX,"Orion Energy Systems, Inc.","Furnishings, Fixtures & Appliances"
OFAL,OFA Group,Engineering & Construction
OFG,OFG Bancorp,Banks - Regional
OFIX,Orthofix Medical Inc.,Medical Devices
OFLX,"Omega Flex, Inc.",Specialty Industrial Machinery
OFS,OFS Capital Corporation,Asset Management
OGE,OGE Energy Corp.,Utilities - Regulated Electric
OGEN,"Oragenics, Inc.",Biotechnology
OGI,Organigram Global Inc.,Drug Manufacturers - Specialty & Generic
OGN,Organon & Co.,Drug Manufacturers - General
OGS,"ONE Gas, Inc.",Utilities - Regulated Gas
OHI,"Omega Healthcare Investors, Inc.",REIT - Healthcare Facilities
OI,"O-I Glass, Inc.",Packaging & Containers
OII,"Oceaneering International, Inc.",Oil & Gas Equipment & Services
OIS,"Oil States International, Inc.",Oil & Gas Equipment & Services
OKE,"ONEOK, Inc.",Oil & Gas Midstream
OKLO,Oklo Inc.,Utilities - Regulated Electric
OKTA,"Okta, Inc.",Software - Infrastructure
OKUR,"OnKure Therapeutics, Inc.",Biotechnology
OKYO,OKYO Pharma Limited,Biotechnology
OLB,"The OLB Group, Inc.",Software - Infrastructure
OLED,Universal Display Corporation,Electronic Components
OLLI,"Ollie's Bargain Outlet Holdings, Inc.",Discount Stores
OLMA,"Olema Pharmaceuticals, Inc.",Biotechnology
OLN,Olin Corporation,Chemicals
OLO,Olo Inc.,Software - Application
OLP,"One Liberty Properties, Inc.",REIT - Diversified
OLPX,"Olaplex Holdings, Inc.",Specialty Retail
OM,"Outset Medical, Inc.",Medical Devices
OMAB,"Grupo Aeroportuario del Centro Norte, S.A.B. de C.V.",Airports & Air Services
OMC,Omnicom Group Inc.,Advertising Agencies
OMCC,Old Market Capital Corporation,Credit Services
OMCL,"Omnicell, Inc.",Health Information Services
OMDA,"Omada Health, Inc.",Health Information Services
OMER,Omeros Corporation,Biotechnology
OMEX,"Odyssey Marine Exploration, Inc.",Other Industrial Metals & Mining
OMF,"OneMain Holdings, Inc.",Credit Services
OMH,Ohmyhome Limited,Real Estate Services
OMI,"Owens & Minor, Inc.",Medical Distribution
OMSE,OMS Energy Technologies Inc.,Oil & Gas Equipment & Services
ON,ON Semiconductor Corporation,Semiconductors
ONB,Old National Bancorp,Banks - Regional
ONC,BeOne Medicines Ltd.,Biotechnology
ONCO,"Onconetix, Inc.",Biotechnology
ONCY,Oncolytics Biotech Inc.,Biotechnology
ONDS,Ondas Holdings Inc.,Communication Equipment
ONEG,OneConstruction Group Limited,Engineering & Construction
ONEW,OneWater Marine Inc.,Specialty Retail
ONFO,"Onfolio Holdings, Inc.",Internet Content & Information
ONIT,Onity Group Inc.,Mortgage Finance
ONL,Orion Properties Inc.,REIT - Office
ONMD,OneMedNet Corporation,Health Information Services
ONON,On Holding AG,Footwear & Accessories
ONTF,"ON24, Inc.",Software - Application
ONTO,Onto Innovation Inc.,Semiconductor Equipment & Materials
OOMA,"Ooma, Inc.",Software - Application
OP,OceanPal Inc.,Marine Shipping
OPAD,Offerpad Solutions Inc.,Real Estate Services
OPAL,OPAL Fuels Inc.,Utilities - Regulated Gas
OPBK,OP Bancorp,Banks - Regional
OPCH,"Option Care Health, Inc.",Medical Care Facilities
OPEN,Opendoor Technologies Inc.,Real Estate Services
OPFI,OppFi Inc.,Credit Services
OPHC,"OptimumBank Holdings, Inc.",Banks - Regional
OPI,Office Properties Income Trust,REIT - Office
OPK,"OPKO Health, Inc.",Diagnostics & Research
OPOF,Old Point Financial Corporation,Banks - Regional
OPRA,Opera Limited,Internet Content & Information
OPRT,Oportun Financial Corporation,Credit Services
OPRX,OptimizeRx Corporation,Health Information Services
OPT,Opthea Limited,Biotechnology
OPTT,"Ocean Power Technologies, Inc.",Specialty Industrial Machinery
OPTX,"Syntec Optics Holdings, Inc.",Electronic Components
OPXS,"Optex Systems Holdings, Inc",Aerospace & Defense
OPY,Oppenheimer Holdings Inc.,Capital Markets
OR,OR Royalties Inc.,Gold
ORA,"Ormat Technologies, Inc.",Utilities - Renewable
ORC,"Orchid Island Capital, Inc.",REIT - Mortgage
ORCL,Oracle Corporation,Software - Infrastructure
ORGN,"Origin Materials, Inc.",Chemicals
ORGO,Organogenesis Holdings Inc.,Drug Manufacturers - Specialty & Generic
ORI,Old Republic International Corporation,Insurance - Property & Casualty
ORIC,"ORIC Pharmaceuticals, Inc.",Biotechnology
ORIS,Oriental Rise Holdings Limited,Packaged Foods
ORKA,"Oruka Therapeutics, Inc.",Biotechnology
ORKT,Orangekloud Technology Inc.,Software - Application
ORLA,Orla Mining Ltd.,Gold
ORLY,"O'Reilly Automotive, Inc.",Auto Parts
ORMP,Oramed Pharmaceuticals Inc.,Biotechnology
ORN,"Orion Group Holdings, Inc.",Engineering & Construction
ORRF,"Orrstown Financial Services, Inc.",Banks - Regional
OS,"OneStream, Inc.",Software - Infrastructure
OSBC,"Old Second Bancorp, Inc.",Banks - Regional
OSCR,"Oscar Health, Inc.",Healthcare Plans
OSIS,"OSI Systems, Inc.",Electronic Components
OSK,Oshkosh Corporation,Farm & Heavy Construction Machinery
OSPN,OneSpan Inc.,Software - Infrastructure
OSRH,"OSR Holdings, Inc.",Biotechnology
OSS,"One Stop Systems, Inc.",Computer Hardware
OST,"Ostin Technology Group Co., Ltd.",Electronic Components
OSTX,OS Therapies Incorporated,Biotechnology
OSUR,"OraSure Technologies, Inc.",Medical Instruments & Supplies
OSW,OneSpaWorld Holdings Limited,Leisure
OTEX,Open Text Corporation,Software - Application
OTIS,Otis Worldwide Corporation,Specialty Industrial Machinery
OTLK,"Outlook Therapeutics, Inc.",Biotechnology
OTLY,Oatly Group AB,Packaged Foods
OTRK,"Ontrak, Inc.",Health Information Services
OTTR,Otter Tail Corporation,Conglomerates
OUST,"Ouster, Inc.",Electronic Components
OUT,OUTFRONT Media Inc.,REIT - Specialty
OVBC,Ohio Valley Banc Corp.,Banks - Regional
OVID,Ovid Therapeutics Inc.,Biotechnology
OVLY,Oak Valley Bancorp,Banks - Regional
OVV,Ovintiv Inc.,Oil & Gas Exploration & Production
OWL,Blue Owl Capital Inc.,Asset Management
OWLT,"Owlet, Inc.",Medical Devices
OXBR,Oxbridge Re Holdings Limited,Insurance - Reinsurance
OXM,"Oxford Industries, Inc.",Apparel Manufacturing
OXSQ,Oxford Square Capital Corp.,Asset Management
OXY,Occidental Petroleum Corporation,Oil & Gas Exploration & Production
OYSE,Oyster Enterprises II Acquisition Corp,Shell Companies
OZ,"Belpointe PREP, LLC",Real Estate - Development
OZK,Bank OZK,Banks - Regional
PAA,"Plains All American Pipeline, L.P.",Oil & Gas Midstream
PAAS,Pan American Silver Corp.,Gold
PAC,"Grupo Aeroportuario del Pacífico, S.A.B. de C.V.",Airports & Air Services
PACB,"Pacific Biosciences of California, Inc.",Medical Devices
PACK,Ranpak Holdings Corp.,Packaging & Containers
PACS,"PACS Group, Inc.",Medical Care Facilities
PAG,"Penske Automotive Group, Inc.",Auto & Truck Dealerships
PAGP,"Plains GP Holdings, L.P.",Oil & Gas Midstream
PAGS,PagSeguro Digital Ltd.,Software - Infrastructure
PAHC,Phibro Animal Health Corporation,Drug Manufacturers - Specialty & Generic
PAL,"Proficient Auto Logistics, Inc.",Integrated Freight & Logistics
PALI,"Palisade Bio, Inc.",Biotechnology
PAM,Pampa Energía S.A.,Utilities - Independent Power Producers
PAMT,Pamt Corp.,Trucking
PANL,"Pangaea Logistics Solutions, Ltd.",Marine Shipping
PANW,"Palo Alto Networks, Inc.",Software - Infrastructure
PAR,PAR Technology Corporation,Software - Application
PARA,Paramount Global,Entertainment
PARAA,Paramount Global,Entertainment
PARR,"Par Pacific Holdings, Inc.",Oil & Gas Refining & Marketing
PASG,"Passage Bio, Inc.",Biotechnology
PATH,UiPath Inc.,Software - Infrastructure
PATK,"Patrick Industries, Inc.","Furnishings, Fixtures & Appliances"
PAVM,PAVmed Inc.,Medical Devices
PAVS,Paranovus Entertainment Technology Ltd.,Packaged Foods
PAX,Patria Investments Limited,Asset Management
PAY,"Paymentus Holdings, Inc.",Software - Infrastructure
PAYC,"Paycom Software, Inc.",Software - Application
PAYO,Payoneer Global Inc.,Software - Infrastructure
PAYS,"Paysign, Inc.",Software - Infrastructure
PAYX,"Paychex, Inc.",Software - Application
PB,"Prosperity Bancshares, Inc.",Banks - Regional
PBA,Pembina Pipeline Corporation,Oil & Gas Midstream
PBBK,"PB Bankshares, Inc.",Banks - Regional
PBF,PBF Energy Inc.,Oil & Gas Refining & Marketing
PBFS,"Pioneer Bancorp, Inc.",Banks - Regional
PBH,Prestige Consumer Healthcare Inc.,Drug Manufacturers - Specialty & Generic
PBHC,"Pathfinder Bancorp, Inc.",Banks - Regional
PBI,Pitney Bowes Inc.,Integrated Freight & Logistics
PBM,Psyence Biomedical Ltd.,Biotechnology
PBPB,Potbelly Corporation,Restaurants
PBR,Petróleo Brasileiro S.A. - Petrobras,Oil & Gas Integrated
PBR.A,Petróleo Brasileiro S.A. - Petrobras,Oil & Gas Integrated
PBT,Permian Basin Royalty Trust,Oil & Gas Midstream
PBYI,"Puma Biotechnology, Inc.",Biotechnology
PC,Premium Catering (Holdings) Limited,Specialty Business Services
PCAP,ProCap Acquisition Corp,Shell Companies
PCAR,PACCAR Inc,Farm & Heavy Construction Machinery
PCB,PCB Bancorp,Banks - Regional
PCG,PG&E Corporation,Utilities - Regulated Electric
PCH,PotlatchDeltic Corporation,REIT - Specialty
PCLA,PicoCELA Inc.,Telecom Services
PCOR,"Procore Technologies, Inc.",Software - Application
PCRX,"Pacira BioSciences, Inc.",Drug Manufacturers - Specialty & Generic
PCSA,"Processa Pharmaceuticals, Inc.",Biotechnology
PCSC,Perceptive Capital Solutions Corp,Shell Companies
PCT,"PureCycle Technologies, Inc.",Pollution & Treatment Controls
PCTY,Paylocity Holding Corporation,Software - Application
PCVX,"Vaxcyte, Inc.",Biotechnology
PCYO,Pure Cycle Corporation,Utilities - Regulated Water
PD,"PagerDuty, Inc.",Software - Application
PDD,PDD Holdings Inc.,Internet Retail
PDEX,"Pro-Dex, Inc.",Medical Instruments & Supplies
PDFS,"PDF Solutions, Inc.",Software - Application
PDLB,"Ponce Financial Group, Inc.",Banks - Regional
PDM,"Piedmont Office Realty Trust, Inc.",REIT - Office
PDS,Precision Drilling Corporation,Oil & Gas Drilling
PDSB,PDS Biotechnology Corporation,Biotechnology
PDYN,Palladyne AI Corp.,Software - Infrastructure
PEB,Pebblebrook Hotel Trust,REIT - Hotel & Motel
PEBK,"Peoples Bancorp of North Carolina, Inc.",Banks - Regional
PEBO,Peoples Bancorp Inc.,Banks - Regional
PECO,"Phillips Edison & Company, Inc.",REIT - Retail
PED,PEDEVCO Corp.,Oil & Gas Exploration & Production
PEG,Public Service Enterprise Group Incorporated,Utilities - Regulated Electric
PEGA,Pegasystems Inc.,Software - Application
PELI,Pelican Acquisition Corporation,Shell Companies
PEN,"Penumbra, Inc.",Medical Devices
PENG,"Penguin Solutions, Inc.",Information Technology Services
PENN,"PENN Entertainment, Inc.",Resorts & Casinos
PEP,"PepsiCo, Inc.",Beverages - Non-Alcoholic
PEPG,PepGen Inc.,Biotechnology
PERF,Perfect Corp.,Software - Application
PERI,Perion Network Ltd.,Internet Content & Information
PESI,"Perma-Fix Environmental Services, Inc.",Waste Management
PET,Wag! Group Co.,Software - Application
PETS,"PetMed Express, Inc.",Pharmaceutical Retailers
PETZ,"TDH Holdings, Inc.",Restaurants
PFAI,Pinnacle Food Group Limited,Farm Products
PFBC,Preferred Bank,Banks - Regional
PFE,Pfizer Inc.,Drug Manufacturers - General
PFG,"Principal Financial Group, Inc.",Asset Management
PFGC,Performance Food Group Company,Food Distribution
PFIS,Peoples Financial Services Corp.,Banks - Regional
PFLT,PennantPark Floating Rate Capital Ltd.,Asset Management
PFS,"Provident Financial Services, Inc.",Banks - Regional
PFSI,"PennyMac Financial Services, Inc.",Mortgage Finance
PFX,PhenixFIN Corporation,Asset Management
PG,The Procter & Gamble Company,Household & Personal Products
PGC,Peapack-Gladstone Financial Corporation,Banks - Regional
PGEN,"Precigen, Inc.",Biotechnology
PGNY,"Progyny, Inc.",Healthcare Plans
PGR,The Progressive Corporation,Insurance - Property & Casualty
PGRE,"Paramount Group, Inc.",REIT - Office
PGY,Pagaya Technologies Ltd.,Software - Infrastructure
PH,Parker-Hannifin Corporation,Specialty Industrial Machinery
PHAR,Pharming Group N.V.,Biotechnology
PHAT,"Phathom Pharmaceuticals, Inc.",Biotechnology
PHG,Koninklijke Philips N.V.,Medical Devices
PHGE,BiomX Inc.,Biotechnology
PHH,"Park Ha Biological Technology Co., Ltd.",Household & Personal Products
PHI,PLDT Inc.,Telecom Services
PHIN,PHINIA Inc.,Auto Parts
PHIO,Phio Pharmaceuticals Corp.,Biotechnology
PHLT,"Performant Healthcare, Inc.",Health Information Services
PHM,"PulteGroup, Inc.",Residential Construction
PHOE,Phoenix Asia Holdings Limited,Infrastructure Operations
PHR,"Phreesia, Inc.",Health Information Services
PHUN,"Phunware, Inc.",Software - Application
PHVS,Pharvaris N.V.,Biotechnology
PHX,PHX Minerals Inc.,Oil & Gas Exploration & Production
PI,"Impinj, Inc.",Semiconductors
PII,Polaris Inc.,Recreational Vehicles
PIII,P3 Health Partners Inc.,Medical Care Facilities
PINC,"Premier, Inc.",Health Information Services
PINE,"Alpine Income Property Trust, Inc.",REIT - Retail
PINS,"Pinterest, Inc.",Internet Content & Information
PIPR,Piper Sandler Companies,Capital Markets
PJT,PJT Partners Inc.,Capital Markets
PK,Park Hotels & Resorts Inc.,REIT - Hotel & Motel
PKBK,"Parke Bancorp, Inc.",Banks - Regional
PKE,Park Aerospace Corp.,Aerospace & Defense
PKG,Packaging Corporation of America,Packaging & Containers
PKOH,Park-Ohio Holdings Corp.,Specialty Industrial Machinery
PKST,Peakstone Realty Trust,REIT - Office
PKX,POSCO Holdings Inc.,Steel
PL,Planet Labs PBC,Aerospace & Defense
PLAB,"Photronics, Inc.",Semiconductor Equipment & Materials
PLAG,Planet Green Holdings Corp.,Conglomerates
PLAY,"Dave & Buster's Entertainment, Inc.",Entertainment
PLBC,Plumas Bancorp,Banks - Regional
PLBY,"PLBY Group, Inc.",Leisure
PLCE,"The Children's Place, Inc.",Apparel Manufacturing
PLD,"Prologis, Inc.",REIT - Industrial
PLG,Platinum Group Metals Ltd.,Other Precious Metals & Mining
PLL,Piedmont Lithium Inc.,Other Industrial Metals & Mining
PLMK,Plum Acquisition Corp. IV,Shell Companies
PLMR,"Palomar Holdings, Inc.",Insurance - Property & Casualty
PLNT,"Planet Fitness, Inc.",Leisure
PLOW,"Douglas Dynamics, Inc.",Auto Parts
PLPC,Preformed Line Products Company,Electrical Equipment & Parts
PLRX,"Pliant Therapeutics, Inc.",Biotechnology
PLRZ,Polyrizon Ltd.,Biotechnology
PLSE,"Pulse Biosciences, Inc.",Medical Instruments & Supplies
PLTK,Playtika Holding Corp.,Electronic Gaming & Multimedia
PLTR,Palantir Technologies Inc.,Software - Infrastructure
PLUG,Plug Power Inc.,Electrical Equipment & Parts
PLUR,Pluri Inc.,Biotechnology
PLUS,ePlus inc.,Software - Application
PLUT,Plutus Financial Group Limited,Capital Markets
PLX,"Protalix BioTherapeutics, Inc.",Biotechnology
PLXS,Plexus Corp.,Electronic Components
PLYA,Playa Hotels & Resorts N.V.,Resorts & Casinos
PLYM,"Plymouth Industrial REIT, Inc.",REIT - Industrial
PM,Philip Morris International Inc.,Tobacco
PMAX,Powell Max Limited,Specialty Business Services
PMCB,"PharmaCyte Biotech, Inc.",Biotechnology
PMEC,Primech Holdings Ltd.,Specialty Business Services
PMN,"ProMIS Neurosciences, Inc.",Biotechnology
PMNT,Perfect Moment Ltd.,Apparel Manufacturing
PMT,PennyMac Mortgage Investment Trust,REIT - Mortgage
PMTR,Perimeter Acquisition Corp. I,Shell Companies
PMTS,CPI Card Group Inc.,Credit Services
PMVP,"PMV Pharmaceuticals, Inc.",Biotechnology
PN,Skycorp Solar Group Ltd,Solar
PNBK,"Patriot National Bancorp, Inc.",Banks - Regional
PNC,"The PNC Financial Services Group, Inc.",Banks - Regional
PNFP,"Pinnacle Financial Partners, Inc.",Banks - Regional
PNNT,PennantPark Investment Corporation,Asset Management
PNR,Pentair plc,Specialty Industrial Machinery
PNRG,PrimeEnergy Resources Corporation,Oil & Gas Exploration & Production
PNTG,"The Pennant Group, Inc.",Medical Care Facilities
PNW,Pinnacle West Capital Corporation,Utilities - Regulated Electric
POAI,Predictive Oncology Inc.,Medical Instruments & Supplies
POCI,"Precision Optics Corporation, Inc.",Medical Instruments & Supplies
PODC,"PodcastOne, Inc.",Internet Content & Information
PODD,Insulet Corporation,Medical Devices
POET,POET Technologies Inc.,Semiconductors
POLA,"Polar Power, Inc.",Electrical Equipment & Parts
POLE,Andretti Acquisition Corp. II,Shell Companies
PONY,Pony AI Inc.,Information Technology Services
POOL,Pool Corporation,Industrial Distribution
POR,Portland General Electric Company,Utilities - Regulated Electric
POST,"Post Holdings, Inc.",Packaged Foods
POWI,"Power Integrations, Inc.",Semiconductors
POWL,"Powell Industries, Inc.",Electrical Equipment & Parts
POWW,Outdoor Holding Company,Aerospace & Defense
PPBI,"Pacific Premier Bancorp, Inc.",Banks - Regional
PPBT,Purple Biotech Ltd,Biotechnology
PPC,Pilgrim's Pride Corporation,Packaged Foods
PPG,"PPG Industries, Inc.",Specialty Chemicals
PPIH,"Perma-Pipe International Holdings, Inc.",Building Products & Equipment
PPL,PPL Corporation,Utilities - Regulated Electric
PPSI,"Pioneer Power Solutions, Inc.",Electrical Equipment & Parts
PPTA,Perpetua Resources Corp.,Other Precious Metals & Mining
PR,Permian Resources Corporation,Oil & Gas Exploration & Production
PRA,ProAssurance Corporation,Insurance - Property & Casualty
PRAA,"PRA Group, Inc.",Credit Services
PRAX,"Praxis Precision Medicines, Inc.",Biotechnology
PRCH,"Porch Group, Inc.",Software - Application
PRCT,PROCEPT BioRobotics Corporation,Medical Devices
PRDO,Perdoceo Education Corporation,Education & Training Services
PRE,Prenetics Global Limited,Diagnostics & Research
PRFX,PainReform Ltd.,Drug Manufacturers - Specialty & Generic
PRG,"PROG Holdings, Inc.",Rental & Leasing Services
PRGO,Perrigo Company plc,Drug Manufacturers - Specialty & Generic
PRGS,Progress Software Corporation,Software - Infrastructure
PRI,"Primerica, Inc.",Insurance - Life
PRIM,Primoris Services Corporation,Engineering & Construction
PRK,Park National Corporation,Banks - Regional
PRKS,United Parks & Resorts Inc.,Leisure
PRLB,"Proto Labs, Inc.",Metal Fabrication
PRLD,Prelude Therapeutics Incorporated,Biotechnology
PRM,"Perimeter Solutions, Inc.",Specialty Chemicals
PRMB,Primo Brands Corporation,Beverages - Non-Alcoholic
PRME,"Prime Medicine, Inc.",Biotechnology
PRO,"PROS Holdings, Inc.",Software - Application
PROF,Profound Medical Corp.,Medical Devices
PROK,ProKidney Corp.,Biotechnology
PROP,Prairie Operating Co.,Oil & Gas Exploration & Production
PROV,"Provident Financial Holdings, Inc.",Banks - Regional
PRPH,"ProPhase Labs, Inc.",Diagnostics & Research
PRPL,"Purple Innovation, Inc.","Furnishings, Fixtures & Appliances"
PRPO,"Precipio, Inc.",Diagnostics & Research
PRQR,ProQR Therapeutics N.V.,Biotechnology
PRSO,Peraso Inc.,Semiconductors
PRSU,"Pursuit Attractions and Hospitality, Inc.",Travel Services
PRT,PermRock Royalty Trust,Oil & Gas Exploration & Production
PRTA,Prothena Corporation plc,Biotechnology
PRTC,PureTech Health plc,Biotechnology
PRTG,Portage Biotech Inc.,Biotechnology
PRTH,"Priority Technology Holdings, Inc.",Software - Infrastructure
PRTS,"CarParts.com, Inc.",Auto Parts
PRU,"Prudential Financial, Inc.",Insurance - Life
PRVA,"Privia Health Group, Inc.",Health Information Services
PRZO,ParaZero Technologies Ltd.,Aerospace & Defense
PSA,Public Storage,REIT - Industrial
PSBD,Palmer Square Capital BDC Inc.,Asset Management
PSEC,Prospect Capital Corporation,Asset Management
PSFE,Paysafe Limited,Software - Infrastructure
PSHG,Performance Shipping Inc.,Marine Shipping
PSIG,PS International Group Ltd.,Integrated Freight & Logistics
PSIX,"Power Solutions International, Inc.",Specialty Industrial Machinery
PSMT,"PriceSmart, Inc.",Discount Stores
PSN,Parsons Corporation,Information Technology Services
PSNL,"Personalis, Inc.",Diagnostics & Research
PSNY,Polestar Automotive Holding UK PLC,Auto Manufacturers
PSO,Pearson plc,Publishing
PSQH,"PSQ Holdings, Inc.",Software - Application
PSTG,"Pure Storage, Inc.",Computer Hardware
PSTL,"Postal Realty Trust, Inc.",REIT - Office
PSTV,"Plus Therapeutics, Inc.",Biotechnology
PSX,Phillips 66,Oil & Gas Refining & Marketing
PT,Pintec Technology Holdings Limited,Credit Services
PTC,PTC Inc.,Software - Application
PTCT,"PTC Therapeutics, Inc.",Biotechnology
PTEN,"Patterson-UTI Energy, Inc.",Oil & Gas Drilling
PTGX,"Protagonist Therapeutics, Inc.",Biotechnology
PTHL,Pheton Holdings Ltd,Medical Devices
PTIX,"Protagenic Therapeutics, Inc.",Biotechnology
PTLE,PTL Limited,Specialty Retail
PTLO,Portillo's Inc.,Restaurants
PTMN,Portman Ridge Finance Corporation,Asset Management
PTNM,Pitanium Limited,Internet Retail
PTON,"Peloton Interactive, Inc.",Leisure
PUBM,"PubMatic, Inc.",Software - Application
PUK,Prudential plc,Insurance - Life
PULM,"Pulmatrix, Inc.",Biotechnology
PUMP,ProPetro Holding Corp.,Oil & Gas Equipment & Services
PVBC,"Provident Bancorp, Inc.",Banks - Regional
PVH,PVH Corp.,Apparel Manufacturing
PVL,Permianville Royalty Trust,Oil & Gas Exploration & Production
PVLA,"Palvella Therapeutics, Inc.",Biotechnology
PW,Power REIT,REIT - Specialty
PWM,Prestige Wealth Inc.,Asset Management
PWOD,"Penns Woods Bancorp, Inc.",Banks - Regional
PWP,Perella Weinberg Partners,Capital Markets
PWR,"Quanta Services, Inc.",Engineering & Construction
PX,"P10, Inc.",Asset Management
PXLW,"Pixelworks, Inc.",Semiconductors
PXS,Pyxis Tankers Inc.,Oil & Gas Midstream
PYPD,PolyPid Ltd.,Biotechnology
PYPL,"PayPal Holdings, Inc.",Credit Services
PYXS,"Pyxis Oncology, Inc.",Biotechnology
PZG,,
PZZA,"Papa John's International, Inc.",Restaurants
QBTS,D-Wave Quantum Inc.,Computer Hardware
QCOM,QUALCOMM Incorporated,Semiconductors
QCRH,"QCR Holdings, Inc.",Banks - Regional
QD,Qudian Inc.,Credit Services
QDEL,QuidelOrtho Corporation,Medical Devices
QETA,Quetta Acquisition Corporation,Shell Companies
QFIN,"Qifu Technology, Inc.",Credit Services
QGEN,Qiagen N.V.,Diagnostics & Research
QH,Quhuo Limited,Software - Application
QIPT,Quipt Home Medical Corp.,Medical Distribution
QLGN,"Qualigen Therapeutics, Inc.",Biotechnology
QLYS,"Qualys, Inc.",Software - Infrastructure
QMCO,Quantum Corporation,Computer Hardware
QMMM,QMMM Holdings Limited,Advertising Agencies
QNCX,"Quince Therapeutics, Inc.",Biotechnology
QNRX,"Quoin Pharmaceuticals, Ltd.",Biotechnology
QNST,"QuinStreet, Inc.",Advertising Agencies
QNTM,Quantum BioPharma Ltd.,Drug Manufacturers - Specialty & Generic
QRHC,Quest Resource Holding Corporation,Waste Management
QRVO,"Qorvo, Inc.",Semiconductors
QS,QuantumScape Corporation,Auto Parts
QSEA,Quartzsea Acquisition Corporation,Shell Companies
QSG,QuantaSing Group Limited,Education & Training Services
QSI,Quantum-Si incorporated,Medical Devices
QSR,Restaurant Brands International Inc.,Restaurants
QTRX,Quanterix Corporation,Medical Devices
QTTB,Q32 Bio Inc.,Biotechnology
QTWO,"Q2 Holdings, Inc.",Software - Application
QUAD,"Quad/Graphics, Inc.",Specialty Business Services
QUBT,Quantum Computing Inc.,Computer Hardware
QUIK,QuickLogic Corporation,Semiconductors
QURE,uniQure N.V.,Biotechnology
QVCGA,QVC Group Inc.,Internet Retail
QXO,"QXO, Inc.",Software - Application
R,"Ryder System, Inc.",Rental & Leasing Services
RAAQ,Real Asset Acquisition Corp.,Shell Companies
RAC,Rithm Acquisition Corp.,Shell Companies
RACE,Ferrari N.V.,Auto Manufacturers
RADX,Radiopharm Theranostics Limited,Biotechnology
RAIL,"FreightCar America, Inc.",Railroads
RAIN,"Rain Enhancement Technologies Holdco, Inc.",Pollution & Treatment Controls
RAMP,"LiveRamp Holdings, Inc.",Software - Infrastructure
RAND,Rand Capital Corporation,Asset Management
RANG,Range Capital Acquisition Corp.,Shell Companies
RANI,"Rani Therapeutics Holdings, Inc.",Biotechnology
RAPP,"Rapport Therapeutics, Inc.",Biotechnology
RAPT,"RAPT Therapeutics, Inc.",Biotechnology
RARE,Ultragenyx Pharmaceutical Inc.,Biotechnology
RAVE,"Rave Restaurant Group, Inc.",Restaurants
RAY,Raytech Holding Limited,Household & Personal Products
RAYA,Erayak Power Solution Group Inc.,Electrical Equipment & Parts
RBA,"RB Global, Inc.",Specialty Business Services
RBB,RBB Bancorp,Banks - Regional
RBBN,Ribbon Communications Inc.,Software - Application
RBC,RBC Bearings Incorporated,Tools & Accessories
RBCAA,"Republic Bancorp, Inc.",Banks - Regional
RBKB,"Rhinebeck Bancorp, Inc.",Banks - Regional
RBLX,Roblox Corporation,Electronic Gaming & Multimedia
RBNE,Robin Energy Ltd.,Oil & Gas Midstream
RBOT,Vicarious Surgical Inc.,Medical Devices
RBRK,"Rubrik, Inc.",Software - Infrastructure
RC,Ready Capital Corporation,REIT - Mortgage
RCAT,"Red Cat Holdings, Inc.",Computer Hardware
RCEL,"AVITA Medical, Inc.",Medical Devices
RCI,Rogers Communications Inc.,Telecom Services
RCKT,"Rocket Pharmaceuticals, Inc.",Biotechnology
RCKY,"Rocky Brands, Inc.",Footwear & Accessories
RCL,Royal Caribbean Cruises Ltd.,Travel Services
RCMT,"RCM Technologies, Inc.",Conglomerates
RCON,"Recon Technology, Ltd.",Oil & Gas Equipment & Services
RCT,RedCloud Holdings plc,Specialty Business Services
RCUS,"Arcus Biosciences, Inc.",Biotechnology
RDAC,Rising Dragon Acquisition Corp.,Shell Companies
RDAG,Republic Digital Acquisition Company,Shell Companies
RDCM,RADCOM Ltd.,Telecom Services
RDDT,"Reddit, Inc.",Internet Content & Information
RDFN,Redfin Corporation,Real Estate Services
RDGT,"Ridgetech, Inc.",Pharmaceutical Retailers
RDHL,RedHill Biopharma Ltd.,Drug Manufacturers - Specialty & Generic
RDI,"Reading International, Inc.",Entertainment
RDIB,"Reading International, Inc.",Entertainment
RDN,Radian Group Inc.,Insurance - Specialty
RDNT,"RadNet, Inc.",Diagnostics & Research
RDUS,"Radius Recycling, Inc.",Steel
RDVT,"Red Violet, Inc.",Software - Application
RDW,Redwire Corporation,Aerospace & Defense
RDWR,Radware Ltd.,Software - Infrastructure
RDY,Dr. Reddy's Laboratories Limited,Drug Manufacturers - Specialty & Generic
RDZN,"Roadzen, Inc.",Software - Application
REAL,"The RealReal, Inc.",Luxury Goods
REAX,The Real Brokerage Inc.,Real Estate Services
REBN,"Reborn Coffee, Inc.",Restaurants
RECT,Rectitude Holdings Ltd,Specialty Retail
REE,REE Automotive Ltd.,Auto Parts
REFI,"Chicago Atlantic Real Estate Finance, Inc.",REIT - Mortgage
REFR,Research Frontiers Incorporated,Electronic Components
REG,Regency Centers Corporation,REIT - Retail
REGN,"Regeneron Pharmaceuticals, Inc.",Biotechnology
REI,"Ring Energy, Inc.",Oil & Gas Exploration & Production
REKR,"Rekor Systems, Inc.",Software - Infrastructure
RELI,"Reliance Global Group, Inc.",Insurance Brokers
RELL,"Richardson Electronics, Ltd.",Electronic Components
RELX,RELX PLC,Specialty Business Services
RELY,"Remitly Global, Inc.",Software - Infrastructure
RENB,Renovaro Inc.,Biotechnology
RENT,"Rent the Runway, Inc.",Apparel Retail
REPL,"Replimune Group, Inc.",Biotechnology
REPX,"Riley Exploration Permian, Inc.",Oil & Gas Exploration & Production
RERE,ATRenew Inc.,Internet Retail
RES,"RPC, Inc.",Oil & Gas Equipment & Services
RETO,"ReTo Eco-Solutions, Inc.",Building Materials
REVB,"Revelation Biosciences, Inc.",Biotechnology
REVG,"REV Group, Inc.",Farm & Heavy Construction Machinery
REX,REX American Resources Corporation,Chemicals
REXR,"Rexford Industrial Realty, Inc.",REIT - Industrial
REYN,Reynolds Consumer Products Inc.,Packaging & Containers
REZI,"Resideo Technologies, Inc.",Industrial Distribution
RF,Regions Financial Corporation,Banks - Regional
RFAI,RF Acquisition Corp II,Shell Companies
RFIL,"RF Industries, Ltd.",Electrical Equipment & Parts
RFL,"Rafael Holdings, Inc.",Real Estate Services
RGA,"Reinsurance Group of America, Incorporated",Insurance - Reinsurance
RGC,Regencell Bioscience Holdings Limited,Drug Manufacturers - Specialty & Generic
RGCO,"RGC Resources, Inc.",Utilities - Regulated Gas
RGEN,Repligen Corporation,Medical Instruments & Supplies
RGLD,"Royal Gold, Inc.",Gold
RGLS,Regulus Therapeutics Inc.,Biotechnology
RGNX,REGENXBIO Inc.,Biotechnology
RGP,"Resources Connection, Inc.",Consulting Services
RGR,"Sturm, Ruger & Company, Inc.",Aerospace & Defense
RGS,Regis Corporation,Personal Services
RGTI,"Rigetti Computing, Inc.",Computer Hardware
RH,RH,Specialty Retail
RHI,Robert Half Inc.,Staffing & Employment Services
RHLD,"Resolute Holdings Management, Inc.",Specialty Business Services
RHP,"Ryman Hospitality Properties, Inc.",REIT - Hotel & Motel
RIBB,Ribbon Acquisition Corp.,Shell Companies
RICK,"RCI Hospitality Holdings, Inc.",Restaurants
RIG,Transocean Ltd.,Oil & Gas Drilling
RIGL,"Rigel Pharmaceuticals, Inc.",Biotechnology
RILY,"B. Riley Financial, Inc.",Financial Conglomerates
RILYP,"B. Riley Financial, Inc.",Financial Conglomerates
RIME,"Algorhythm Holdings, Inc.",Consumer Electronics
RIO,Rio Tinto Group,Other Industrial Metals & Mining
RIOT,"Riot Platforms, Inc.",Capital Markets
RITM,Rithm Capital Corp.,REIT - Mortgage
RITR,Reitar Logtech Holdings Limited,Engineering & Construction
RIVN,"Rivian Automotive, Inc.",Auto Manufacturers
RJF,"Raymond James Financial, Inc.",Asset Management
RKDA,"Arcadia Biosciences, Inc.",Packaged Foods
RKLB,Rocket Lab Corporation,Aerospace & Defense
RKT,"Rocket Companies, Inc.",Mortgage Finance
RL,Ralph Lauren Corporation,Apparel Manufacturing
RLAY,"Relay Therapeutics, Inc.",Biotechnology
RLGT,"Radiant Logistics, Inc.",Integrated Freight & Logistics
RLI,RLI Corp.,Insurance - Property & Casualty
RLJ,RLJ Lodging Trust,REIT - Hotel & Motel
RLMD,"Relmada Therapeutics, Inc.",Biotechnology
RLX,RLX Technology Inc.,Tobacco
RLYB,Rallybio Corporation,Biotechnology
RM,Regional Management Corp.,Credit Services
RMAX,"RE/MAX Holdings, Inc.",Real Estate Services
RMBI,"Richmond Mutual Bancorporation, Inc.",Banks - Regional
RMBL,"RumbleOn, Inc.",Auto & Truck Dealerships
RMBS,Rambus Inc.,Semiconductors
RMCF,"Rocky Mountain Chocolate Factory, Inc.",Confectioners
RMCO,Royalty Management Holding Corporation,Asset Management
RMD,ResMed Inc.,Medical Instruments & Supplies
RMNI,"Rimini Street, Inc.",Software - Application
RMR,The RMR Group Inc.,Real Estate Services
RMSG,Real Messenger Corporation,Oil & Gas Exploration & Production
RMTI,"Rockwell Medical, Inc.",Drug Manufacturers - Specialty & Generic
RNA,"Avidity Biosciences, Inc.",Biotechnology
RNAC,"Cartesian Therapeutics, Inc.",Biotechnology
RNAZ,"TransCode Therapeutics, Inc.",Biotechnology
RNG,"RingCentral, Inc.",Software - Application
RNGR,"Ranger Energy Services, Inc.",Oil & Gas Equipment & Services
RNR,RenaissanceRe Holdings Ltd.,Insurance - Reinsurance
RNST,Renasant Corporation,Banks - Regional
RNTX,Rein Therapeutics Inc.,Biotechnology
RNW,ReNew Energy Global Plc,Utilities - Renewable
RNXT,"RenovoRx, Inc.",Biotechnology
ROAD,"Construction Partners, Inc.",Engineering & Construction
ROCK,"Gibraltar Industries, Inc.",Building Products & Equipment
ROG,Rogers Corporation,Electronic Components
ROIV,Roivant Sciences Ltd.,Biotechnology
ROK,"Rockwell Automation, Inc.",Specialty Industrial Machinery
ROKU,"Roku, Inc.",Entertainment
ROL,"Rollins, Inc.",Personal Services
ROLR,"High Roller Technologies, Inc.",Gambling
ROMA,Roma Green Finance Limited,Consulting Services
ROOT,"Root, Inc.",Insurance - Property & Casualty
ROP,"Roper Technologies, Inc.",Software - Application
ROST,"Ross Stores, Inc.",Apparel Retail
RPAY,Repay Holdings Corporation,Software - Infrastructure
RPD,"Rapid7, Inc.",Software - Infrastructure
RPID,"Rapid Micro Biosystems, Inc.",Medical Devices
RPM,RPM International Inc.,Specialty Chemicals
RPRX,Royalty Pharma plc,Biotechnology
RPT,Rithm Property Trust Inc.,REIT - Mortgage
RPTX,Repare Therapeutics Inc.,Biotechnology
RR,Richtech Robotics Inc.,Specialty Industrial Machinery
RRBI,"Red River Bancshares, Inc.",Banks - Regional
RRC,Range Resources Corporation,Oil & Gas Exploration & Production
RRGB,"Red Robin Gourmet Burgers, Inc.",Restaurants
RRR,"Red Rock Resorts, Inc.",Resorts & Casinos
RRX,Regal Rexnord Corporation,Specialty Industrial Machinery
RS,"Reliance, Inc.",Steel
RSG,"Republic Services, Inc.",Waste Management
RSI,"Rush Street Interactive, Inc.",Gambling
RSKD,Riskified Ltd.,Software - Application
RSLS,ReShape Lifesciences Inc.,Medical Devices
RSSS,"Research Solutions, Inc.",Software - Application
RSVR,"Reservoir Media, Inc.",Entertainment
RTAC,Renatus Tactical Acquisition Corp I,Shell Companies
RTO,Rentokil Initial plc,Specialty Business Services
RTX,RTX Corporation,Aerospace & Defense
RUM,Rumble Inc.,Internet Content & Information
RUN,Sunrun Inc.,Solar
RUSH.A,"Rush Enterprises, Inc.",-
RUSHA,"Rush Enterprises, Inc.",Auto & Truck Dealerships
RUSHB,"Rush Enterprises, Inc.",Auto & Truck Dealerships
RVLV,"Revolve Group, Inc.",Internet Retail
RVMD,"Revolution Medicines, Inc.",Biotechnology
RVP,"Retractable Technologies, Inc.",Medical Instruments & Supplies
RVPH,"Reviva Pharmaceuticals Holdings, Inc.",Biotechnology
RVSB,"Riverview Bancorp, Inc.",Banks - Regional
RVSN,Rail Vision Ltd.,Railroads
RVTY,"Revvity, Inc.",Diagnostics & Research
RVYL,Ryvyl Inc.,Software - Infrastructure
RWAY,Runway Growth Finance Corp.,Credit Services
RWT,"Redwood Trust, Inc.",REIT - Mortgage
RXO,"RXO, Inc.",Trucking
RXRX,"Recursion Pharmaceuticals, Inc.",Biotechnology
RXST,"RxSight, Inc.",Medical Devices
RXT,"Rackspace Technology, Inc.",Software - Infrastructure
RY,Royal Bank of Canada,Banks - Diversified
RYAAY,Ryanair Holdings plc,Airlines
RYAM,Rayonier Advanced Materials Inc.,Chemicals
RYAN,"Ryan Specialty Holdings, Inc.",Insurance - Specialty
RYDE,Ryde Group Ltd,Software - Application
RYET,Ruanyun Edai Technology Inc.,Consumer Discretionary
RYI,Ryerson Holding Corporation,Metal Fabrication
RYN,Rayonier Inc.,REIT - Specialty
RYTM,"Rhythm Pharmaceuticals, Inc.",Biotechnology
RZLT,"Rezolute, Inc.",Biotechnology
RZLV,Rezolve AI PLC,Software - Infrastructure
S,"SentinelOne, Inc.",Software - Infrastructure
SA,Seabridge Gold Inc.,Gold
SABR,Sabre Corporation,Software - Infrastructure
SABS,"SAB Biotherapeutics, Inc.",Biotechnology
SACH,Sachem Capital Corp.,REIT - Mortgage
SAFE,Safehold Inc.,REIT - Diversified
SAFT,"Safety Insurance Group, Inc.",Insurance - Property & Casualty
SAGE,"Sage Therapeutics, Inc.",Biotechnology
SAGT,Sagtec Global Limited,Software - Application
SAH,"Sonic Automotive, Inc.",Auto & Truck Dealerships
SAIA,"Saia, Inc.",Trucking
SAIC,Science Applications International Corporation,Information Technology Services
SAIH,SAIHEAT Limited,Information Technology Services
SAIL,"SailPoint, Inc.",Software - Infrastructure
SAM,"The Boston Beer Company, Inc.",Beverages - Brewers
SAMG,Silvercrest Asset Management Group Inc.,Asset Management
SAN,"Banco Santander, S.A.",Banks - Diversified
SANA,"Sana Biotechnology, Inc.",Biotechnology
SAND,Sandstorm Gold Ltd.,Gold
SANG,Sangoma Technologies Corporation,Software - Infrastructure
SANM,Sanmina Corporation,Electronic Components
SANW,S&W Seed Company,Agricultural Inputs
SAP,SAP SE,Software - Application
SAR,Saratoga Investment Corp.,Asset Management
SARO,"StandardAero, Inc.",Aerospace & Defense
SATL,Satellogic Inc.,Aerospace & Defense
SATS,EchoStar Corporation,Telecom Services
SATX,Satixfy Communications Ltd.,Communication Equipment
SAVA,"Cassava Sciences, Inc.",Biotechnology
SB,"Safe Bulkers, Inc.",Marine Shipping
SBAC,SBA Communications Corporation,REIT - Specialty
SBC,SBC Medical Group Holdings Incorporated,Consulting Services
SBCF,Seacoast Banking Corporation of Florida,Banks - Regional
SBET,"SharpLink Gaming, Inc.",Gambling
SBEV,"Splash Beverage Group, Inc.",Beverages - Wineries & Distilleries
SBFG,"SB Financial Group, Inc.",Banks - Regional
SBFM,"Sunshine Biopharma, Inc.",Drug Manufacturers - Specialty & Generic
SBGI,"Sinclair, Inc.",Broadcasting
SBH,"Sally Beauty Holdings, Inc.",Specialty Retail
SBLK,Star Bulk Carriers Corp.,Marine Shipping
SBR,Sabine Royalty Trust,Oil & Gas Midstream
SBRA,"Sabra Health Care REIT, Inc.",REIT - Healthcare Facilities
SBS,Companhia de Saneamento Básico do Estado de São Paulo - SABESP,Utilities - Regulated Water
SBSI,"Southside Bancshares, Inc.",Banks - Regional
SBSW,Sibanye Stillwater Limited,Other Precious Metals & Mining
SBUX,Starbucks Corporation,Restaurants
SBXD,SilverBox Corp IV,Shell Companies
SCCO,Southern Copper Corporation,Copper
SCHL,Scholastic Corporation,Publishing
SCHW,The Charles Schwab Corporation,Capital Markets
SCI,Service Corporation International,Personal Services
SCKT,"Socket Mobile, Inc.",Computer Hardware
SCL,Stepan Company,Specialty Chemicals
SCLX,Scilex Holding Company,Drug Manufacturers - General
SCM,Stellus Capital Investment Corporation,Asset Management
SCNI,Scinai Immunotherapeutics Ltd.,Biotechnology
SCNX,"Scienture Holdings, Inc.",Pharmaceutical Retailers
SCOR,"comScore, Inc.",Internet Content & Information
SCPH,scPharmaceuticals Inc.,Biotechnology
SCS,Steelcase Inc.,"Furnishings, Fixtures & Appliances"
SCSC,"ScanSource, Inc.",Electronics & Computer Distribution
SCVL,"Shoe Carnival, Inc.",Apparel Retail
SCWO,374Water Inc.,Pollution & Treatment Controls
SCYX,"SCYNEXIS, Inc.",Drug Manufacturers - Specialty & Generic
SD,"SandRidge Energy, Inc.",Oil & Gas Exploration & Production
SDA,SunCar Technology Group Inc.,Auto & Truck Dealerships
SDGR,"Schrödinger, Inc.",Health Information Services
SDHC,Smith Douglas Homes Corp.,Real Estate - Development
SDHI,Siddhi Acquisition Corp.,Shell Companies
SDM,Smart Digital Group Limited,Specialty Business Services
SDOT,Sadot Group Inc.,Farm Products
SDRL,Seadrill Limited,Oil & Gas Drilling
SDST,Stardust Power Inc.,Electrical Equipment & Parts
SE,Sea Limited,Internet Retail
SEAT,Vivid Seats Inc.,Internet Content & Information
SEB,Seaboard Corporation,Conglomerates
SEDG,"SolarEdge Technologies, Inc.",Solar
SEE,Sealed Air Corporation,Packaging & Containers
SEED,Origin Agritech Limited,Agricultural Inputs
SEER,"Seer, Inc.",Biotechnology
SEG,Seaport Entertainment Group Inc.,Real Estate Services
SEI,"Solaris Energy Infrastructure, Inc.",Oil & Gas Equipment & Services
SEIC,SEI Investments Company,Asset Management
SELF,"Global Self Storage, Inc.",REIT - Specialty
SELX,Semilux International Ltd.,Electronic Components
SEM,Select Medical Holdings Corporation,Medical Care Facilities
SEMR,"Semrush Holdings, Inc.",Software - Application
SENEA,Seneca Foods Corporation,Packaged Foods
SENEB,Seneca Foods Corporation,Packaged Foods
SENS,"Senseonics Holdings, Inc.",Medical Devices
SEPN,"Septerna, Inc.",Biotechnology
SER,"Serina Therapeutics, Inc.",Biotechnology
SERA,"Sera Prognostics, Inc.",Medical Devices
SERV,Serve Robotics Inc.,Specialty Industrial Machinery
SES,SES AI Corporation,Auto Parts
SEVN,Seven Hills Realty Trust,REIT - Mortgage
SEZL,Sezzle Inc.,Credit Services
SF,Stifel Financial Corp.,Capital Markets
SFBC,"Sound Financial Bancorp, Inc.",Banks - Regional
SFBS,"ServisFirst Bancshares, Inc.",Banks - Regional
SFD,"Smithfield Foods, Inc.",Packaged Foods
SFHG,Samfine Creation Holdings Group Limited,Specialty Business Services
SFIX,"Stitch Fix, Inc.",Apparel Retail
SFL,SFL Corporation Ltd.,Marine Shipping
SFM,"Sprouts Farmers Market, Inc.",Grocery Stores
SFNC,Simmons First National Corporation,Banks - Regional
SFST,"Southern First Bancshares, Inc.",Banks - Regional
SFWL,Shengfeng Development Limited,Integrated Freight & Logistics
SG,"Sweetgreen, Inc.",Restaurants
SGA,"Saga Communications, Inc.",Broadcasting
SGBX,Safe & Green Holdings Corp.,Metal Fabrication
SGC,"Superior Group of Companies, Inc.",Apparel Manufacturing
SGD,Safe and Green Development Corporation,Real Estate - Development
SGHC,Super Group (SGHC) Limited,Gambling
SGHT,"Sight Sciences, Inc.",Medical Devices
SGI,Somnigroup International Inc.,"Furnishings, Fixtures & Appliances"
SGLY,Singularity Future Technology Ltd.,Integrated Freight & Logistics
SGMA,"SigmaTron International, Inc.",Electronic Components
SGML,Sigma Lithium Corporation,Other Industrial Metals & Mining
SGMO,"Sangamo Therapeutics, Inc.",Biotechnology
SGMT,Sagimet Biosciences Inc.,Biotechnology
SGN,"Signing Day Sports, Inc.",Software - Application
SGRP,"SPAR Group, Inc.",Specialty Business Services
SGRY,"Surgery Partners, Inc.",Medical Care Facilities
SGU,"Star Group, L.P.",Oil & Gas Refining & Marketing
SHAK,Shake Shack Inc.,Restaurants
SHBI,"Shore Bancshares, Inc.",Banks - Regional
SHC,Sotera Health Company,Diagnostics & Research
SHCO,Soho House & Co Inc.,Lodging
SHEL,Shell plc,Oil & Gas Integrated
SHEN,Shenandoah Telecommunications Company,Telecom Services
SHFS,"SHF Holdings, Inc.",Banks - Regional
SHG,"Shinhan Financial Group Co., Ltd.",Banks - Regional
SHIM,Shimmick Corporation,Engineering & Construction
SHIP,Seanergy Maritime Holdings Corp.,Marine Shipping
SHLS,"Shoals Technologies Group, Inc.",Solar
SHMD,SCHMID Group N.V.,Specialty Industrial Machinery
SHO,"Sunstone Hotel Investors, Inc.",REIT - Hotel & Motel
SHOO,"Steven Madden, Ltd.",Footwear & Accessories
SHOP,Shopify Inc.,Software - Application
SHOT,"Safety Shot, Inc.",Beverages - Non-Alcoholic
SHPH,"Shuttle Pharmaceuticals Holdings, Inc.",Drug Manufacturers - Specialty & Generic
SHW,The Sherwin-Williams Company,Specialty Chemicals
SHYF,"The Shyft Group, Inc.",Farm & Heavy Construction Machinery
SIBN,"SI-BONE, Inc.",Medical Devices
SID,Companhia Siderúrgica Nacional,Steel
SIDU,"Sidus Space, Inc.",Aerospace & Defense
SIEB,Siebert Financial Corp.,Capital Markets
SIF,"SIFCO Industries, Inc.",Aerospace & Defense
SIFY,Sify Technologies Limited,Telecom Services
SIG,Signet Jewelers Limited,Luxury Goods
SIGA,"SIGA Technologies, Inc.",Drug Manufacturers - Specialty & Generic
SIGI,"Selective Insurance Group, Inc.",Insurance - Property & Casualty
SII,Sprott Inc.,Asset Management
SILA,"Sila Realty Trust, Inc.",REIT - Healthcare Facilities
SILC,Silicom Ltd.,Communication Equipment
SILO,"Silo Pharma, Inc.",Biotechnology
SIM,"Grupo Simec, S.A.B. de C.V.",Steel
SIMA,SIM Acquisition Corp. I,Shell Companies
SIMO,Silicon Motion Technology Corporation,Semiconductors
SINT,"Sintx Technologies, Inc.",Medical Devices
SION,"Sionna Therapeutics, Inc.",Biotechnology
SIRI,Sirius XM Holdings Inc.,Entertainment
SISI,"Shineco, Inc.",Farm Products
SITC,SITE Centers Corp.,REIT - Retail
SITE,"SiteOne Landscape Supply, Inc.",Industrial Distribution
SITM,SiTime Corporation,Semiconductors
SJ,Scienjoy Holding Corporation,Internet Content & Information
SJM,The J. M. Smucker Company,Packaged Foods
SJT,San Juan Basin Royalty Trust,Oil & Gas Exploration & Production
SKBL,Skyline Builders Group Holding Limited,Engineering & Construction
SKE,Skeena Resources Limited,Other Industrial Metals & Mining
SKIL,Skillsoft Corp.,Education & Training Services
SKIN,The Beauty Health Company,Household & Personal Products
SKK,SKK Holdings Limited,Engineering & Construction
SKLZ,Skillz Inc.,Electronic Gaming & Multimedia
SKM,"SK Telecom Co., Ltd.",Telecom Services
SKT,Tanger Inc.,REIT - Retail
SKWD,"Skyward Specialty Insurance Group, Inc.",Insurance - Property & Casualty
SKX,"Skechers U.S.A., Inc.",Footwear & Accessories
SKY,"Champion Homes, Inc.",Residential Construction
SKYE,"Skye Bioscience, Inc.",Biotechnology
SKYH,Sky Harbour Group Corporation,Aerospace & Defense
SKYQ,Sky Quarry Inc.,Oil & Gas Integrated
SKYT,"SkyWater Technology, Inc.",Semiconductors
SKYW,"SkyWest, Inc.",Airlines
SKYX,SKYX Platforms Corp.,Electrical Equipment & Parts
SLAB,Silicon Laboratories Inc.,Semiconductors
SLB,Schlumberger Limited,Oil & Gas Equipment & Services
SLDB,Solid Biosciences Inc.,Biotechnology
SLDP,"Solid Power, Inc.",Auto Parts
SLE,"Super League Enterprise, Inc.",Internet Content & Information
SLF,Sun Life Financial Inc.,Insurance - Diversified
SLG,SL Green Realty Corp.,REIT - Office
SLGL,Sol-Gel Technologies Ltd.,Biotechnology
SLGN,Silgan Holdings Inc.,Packaging & Containers
SLI,Standard Lithium Ltd.,Other Industrial Metals & Mining
SLM,SLM Corporation,Credit Services
SLN,Silence Therapeutics plc,Biotechnology
SLND,"Southland Holdings, Inc.",Engineering & Construction
SLNG,"Stabilis Solutions, Inc.",Oil & Gas Integrated
SLNH,"Soluna Holdings, Inc.",Capital Markets
SLNO,"Soleno Therapeutics, Inc.",Biotechnology
SLP,"Simulations Plus, Inc.",Health Information Services
SLQT,"SelectQuote, Inc.",Insurance Brokers
SLRC,SLR Investment Corp.,Asset Management
SLRX,"Salarius Pharmaceuticals, Inc.",Biotechnology
SLS,"SELLAS Life Sciences Group, Inc.",Biotechnology
SLSN,"Solesence, Inc.",Household & Personal Products
SLSR,Solaris Resources Inc.,Other Precious Metals & Mining
SLVM,Sylvamo Corporation,Paper & Paper Products
SLXN,Silexion Therapeutics Corp,Biotechnology
SM,SM Energy Company,Oil & Gas Exploration & Production
SMA,"SmartStop Self Storage REIT, Inc.",Real Estate
SMBC,"Southern Missouri Bancorp, Inc.",Banks - Regional
SMBK,"SmartFinancial, Inc.",Banks - Regional
SMC,Summit Midstream Corporation,Oil & Gas Midstream
SMCI,"Super Micro Computer, Inc.",Computer Hardware
SMFG,"Sumitomo Mitsui Financial Group, Inc.",Banks - Diversified
SMG,The Scotts Miracle-Gro Company,Agricultural Inputs
SMHI,SEACOR Marine Holdings Inc.,Marine Shipping
SMID,Smith-Midland Corporation,Building Materials
SMLR,"Semler Scientific, Inc.",Medical Devices
SMMT,Summit Therapeutics Inc.,Biotechnology
SMP,"Standard Motor Products, Inc.",Auto Parts
SMPL,The Simply Good Foods Company,Packaged Foods
SMR,NuScale Power Corporation,Specialty Industrial Machinery
SMRT,"SmartRent, Inc.",Software - Application
SMSI,"Smith Micro Software, Inc.",Software - Application
SMTC,Semtech Corporation,Semiconductors
SMTI,Sanara MedTech Inc.,Medical Instruments & Supplies
SMTK,"SmartKem, Inc.",Semiconductor Equipment & Materials
SMWB,Similarweb Ltd.,Software - Application
SMX,SMX (Security Matters) Public Limited Company,Specialty Business Services
SMXT,"SolarMax Technology, Inc.",Solar
SN,"SharkNinja, Inc.","Furnishings, Fixtures & Appliances"
SNA,Snap-on Incorporated,Tools & Accessories
SNAL,"Snail, Inc.",Electronic Gaming & Multimedia
SNAP,Snap Inc.,Internet Content & Information
SNBR,Sleep Number Corporation,"Furnishings, Fixtures & Appliances"
SNCR,"Synchronoss Technologies, Inc.",Software - Infrastructure
SNCY,"Sun Country Airlines Holdings, Inc.",Airlines
SND,"Smart Sand, Inc.",Oil & Gas Equipment & Services
SNDA,"Sonida Senior Living, Inc.",Medical Care Facilities
SNDK,Sandisk Corporation,Computer Hardware
SNDL,SNDL Inc.,Beverages - Wineries & Distilleries
SNDR,"Schneider National, Inc.",Trucking
SNDX,"Syndax Pharmaceuticals, Inc.",Biotechnology
SNES,"SenesTech, Inc.",Specialty Chemicals
SNEX,StoneX Group Inc.,Capital Markets
SNFCA,Security National Financial Corporation,Mortgage Finance
SNGX,,
SNN,Smith & Nephew plc,Medical Devices
SNOA,"Sonoma Pharmaceuticals, Inc.",Drug Manufacturers - Specialty & Generic
SNOW,Snowflake Inc.,Software - Application
SNPS,"Synopsys, Inc.",Software - Infrastructure
SNPX,"Synaptogenix, Inc.",Biotechnology
SNRE,Sunrise Communications AG,Telecom Services
SNSE,"Sensei Biotherapeutics, Inc.",Biotechnology
SNT,Senstar Technologies Corporation,Security & Protection Services
SNTG,Sentage Holdings Inc.,Credit Services
SNTI,"Senti Biosciences, Inc.",Biotechnology
SNV,Synovus Financial Corp.,Banks - Regional
SNWV,"SANUWAVE Health, Inc.",Medical Devices
SNX,TD SYNNEX Corporation,Electronics & Computer Distribution
SNY,Sanofi,Drug Manufacturers - General
SNYR,Synergy CHC Corp.,Medical Distribution
SO,The Southern Company,Utilities - Regulated Electric
SOAR,"Volato Group, Inc.",Airports & Air Services
SOBO,South Bow Corporation,Oil & Gas Midstream
SOBR,"SOBR Safe, Inc.",Scientific & Technical Instruments
SOC,Sable Offshore Corp.,Oil & Gas Drilling
SOFI,"SoFi Technologies, Inc.",Credit Services
SOGP,Sound Group Inc.,Internet Content & Information
SOHO,Sotherly Hotels Inc.,REIT - Hotel & Motel
SOHU,Sohu.com Limited,Electronic Gaming & Multimedia
SOL,Emeren Group Ltd,Solar
SOLV,Solventum Corporation,Medical Instruments & Supplies
SON,Sonoco Products Company,Packaging & Containers
SOND,Sonder Holdings Inc.,Lodging
SONM,"Sonim Technologies, Inc.",Communication Equipment
SONN,"Sonnet BioTherapeutics Holdings, Inc.",Biotechnology
SONO,"Sonos, Inc.",Consumer Electronics
SONY,Sony Group Corporation,Consumer Electronics
SOPA,Society Pass Incorporated,Software - Application
SOPH,SOPHiA GENETICS SA,Health Information Services
SORA,Top Win International Limited,Luxury Goods
SOS,SOS Limited,Capital Markets
SOTK,Sono-Tek Corporation,Scientific & Technical Instruments
SOUL,Soulpower Acquisition Corporation,Shell Companies
SOUN,"SoundHound AI, Inc.",Software - Application
SOWG,Sow Good Inc.,Packaged Foods
SPAI,Safe Pro Group Inc.,Aerospace & Defense
SPB,"Spectrum Brands Holdings, Inc.",Household & Personal Products
SPCB,SuperCom Ltd.,Security & Protection Services
SPCE,"Virgin Galactic Holdings, Inc.",Aerospace & Defense
SPFI,"South Plains Financial, Inc.",Banks - Regional
SPG,"Simon Property Group, Inc.",REIT - Retail
SPGI,S&P Global Inc.,Financial Data & Stock Exchanges
SPH,"Suburban Propane Partners, L.P.",Utilities - Regulated Gas
SPHL,Springview Holdings Ltd,Residential Construction
SPHR,Sphere Entertainment Co.,Entertainment
SPIR,"Spire Global, Inc.",Specialty Business Services
SPKL,Spark I Acquisition Corporation,Shell Companies
SPMC,"Sound Point Meridian Capital, Inc.",Asset Management
SPNS,Sapiens International Corporation N.V.,Software - Application
SPNT,SiriusPoint Ltd.,Insurance - Reinsurance
SPOK,"Spok Holdings, Inc.",Health Information Services
SPOT,Spotify Technology S.A.,Internet Content & Information
SPPL,Simpple Ltd.,Specialty Industrial Machinery
SPR,"Spirit AeroSystems Holdings, Inc.",Aerospace & Defense
SPRC,SciSparc Ltd.,Biotechnology
SPRO,"Spero Therapeutics, Inc.",Biotechnology
SPRU,Spruce Power Holding Corporation,Solar
SPRY,"ARS Pharmaceuticals, Inc.",Biotechnology
SPSC,"SPS Commerce, Inc.",Software - Application
SPT,"Sprout Social, Inc.",Software - Application
SPTN,SpartanNash Company,Food Distribution
SPWH,"Sportsman's Warehouse Holdings, Inc.",Specialty Retail
SPWR,"Complete Solaria, Inc.",Solar
SPXC,"SPX Technologies, Inc.",Building Products & Equipment
SQFT,"Presidio Property Trust, Inc.",REIT - Diversified
SQM,Sociedad Química y Minera de Chile S.A.,Specialty Chemicals
SQNS,Sequans Communications S.A.,Semiconductors
SR,Spire Inc.,Utilities - Regulated Gas
SRAD,Sportradar Group AG,Software - Application
SRBK,"SR Bancorp, Inc.",Banks - Regional
SRCE,1st Source Corporation,Banks - Regional
SRDX,"Surmodics, Inc.",Medical Devices
SRE,Sempra,Utilities - Diversified
SRFM,Surf Air Mobility Inc.,Airlines
SRG,Seritage Growth Properties,Real Estate Services
SRI,"Stoneridge, Inc.",Auto Parts
SRL,Scully Royalty Ltd.,Capital Markets
SRM,"SRM Entertainment, Inc.",Leisure
SRPT,"Sarepta Therapeutics, Inc.",Biotechnology
SRRK,Scholar Rock Holding Corporation,Biotechnology
SRTS,"Sensus Healthcare, Inc.",Medical Devices
SRXH,SRx Health Solutions Inc.,Medical Care Facilities
SRZN,"Surrozen, Inc.",Biotechnology
SSB,SouthState Corporation,Banks - Regional
SSBI,Summit State Bank,Banks - Regional
SSBK,"Southern States Bancshares, Inc.",Banks - Regional
SSD,"Simpson Manufacturing Co., Inc.",Lumber & Wood Production
SSII,"SS Innovations International, Inc.",Medical Devices
SSKN,"STRATA Skin Sciences, Inc.",Medical Devices
SSL,Sasol Limited,Specialty Chemicals
SSNC,"SS&C Technologies Holdings, Inc.",Software - Application
SSP,The E.W. Scripps Company,Broadcasting
SSRM,SSR Mining Inc.,Gold
SSSS,SuRo Capital Corp.,Asset Management
SST,"System1, Inc.",Specialty Business Services
SSTI,"SoundThinking, Inc.",Software - Application
SSTK,"Shutterstock, Inc.",Internet Content & Information
SSY,"SunLink Health Systems, Inc.",Pharmaceutical Retailers
SSYS,Stratasys Ltd.,Computer Hardware
ST,Sensata Technologies Holding plc,Scientific & Technical Instruments
STAA,STAAR Surgical Company,Medical Instruments & Supplies
STAG,"STAG Industrial, Inc.",REIT - Industrial
STAI,ScanTech AI Systems Inc.,Building Products & Equipment
STAK,STAK Inc.,Oil & Gas Equipment & Services
STBA,"S&T Bancorp, Inc.",Banks - Regional
STC,Stewart Information Services Corporation,Insurance - Property & Casualty
STE,STERIS plc,Medical Devices
STEC,Santech Holdings Limited,Software - Application
STEL,"Stellar Bancorp, Inc.",Banks - Regional
STEM,"Stem, Inc.",Utilities - Renewable
STEP,StepStone Group Inc.,Asset Management
STFS,Star Fashion Culture Holdings Limited,Advertising Agencies
STG,Sunlands Technology Group,Education & Training Services
STGW,Stagwell Inc.,Advertising Agencies
STHO,Star Holdings,Real Estate Services
STI,"Solidion Technology, Inc.",Electrical Equipment & Parts
STIM,"Neuronetics, Inc.",Medical Devices
STKH,Steakholder Foods Ltd.,Packaged Foods
STKL,SunOpta Inc.,Beverages - Non-Alcoholic
STKS,"The ONE Group Hospitality, Inc.",Restaurants
STLA,Stellantis N.V.,Auto Manufacturers
STLD,"Steel Dynamics, Inc.",Steel
STM,STMicroelectronics N.V.,Semiconductors
STN,Stantec Inc.,Engineering & Construction
STNE,StoneCo Ltd.,Software - Infrastructure
STNG,Scorpio Tankers Inc.,Oil & Gas Midstream
STOK,"Stoke Therapeutics, Inc.",Biotechnology
STR,Sitio Royalties Corp.,Oil & Gas Exploration & Production
STRA,"Strategic Education, Inc.",Education & Training Services
STRL,"Sterling Infrastructure, Inc.",Engineering & Construction
STRM,"Streamline Health Solutions, Inc.",Health Information Services
STRO,"Sutro Biopharma, Inc.",Biotechnology
STRR,"Star Equity Holdings, Inc.",Diagnostics & Research
STRS,Stratus Properties Inc.,Real Estate - Diversified
STRT,Strattec Security Corporation,Auto Parts
STRW,"Strawberry Fields REIT, Inc.",REIT - Healthcare Facilities
STRZ,Starz Entertainment Corp.,Entertainment
STSS,"Sharps Technology, Inc.",Medical Instruments & Supplies
STT,State Street Corporation,Asset Management
STTK,"Shattuck Labs, Inc.",Biotechnology
STVN,Stevanato Group S.p.A.,Medical Instruments & Supplies
STWD,"Starwood Property Trust, Inc.",REIT - Mortgage
STX,Seagate Technology Holdings plc,Computer Hardware
STXS,"Stereotaxis, Inc.",Medical Instruments & Supplies
STZ,"Constellation Brands, Inc.",Beverages - Brewers
SU,Suncor Energy Inc.,Oil & Gas Integrated
SUGP,SU Group Holdings Limited,Security & Protection Services
SUI,"Sun Communities, Inc.",REIT - Residential
SUN,Sunoco LP,Oil & Gas Refining & Marketing
SUNE,SUNation Energy Inc.,Solar
SUNS,"Sunrise Realty Trust, Inc.",REIT - Mortgage
SUP,"Superior Industries International, Inc.",Auto Parts
SUPN,"Supernus Pharmaceuticals, Inc.",Drug Manufacturers - Specialty & Generic
SUPV,Grupo Supervielle S.A.,Banks - Regional
SUPX,SuperX AI Technology Limited,Other
SURG,"SurgePays, Inc.",Telecom Services
SUUN,SolarBank Corporation,Utilities - Renewable
SUZ,Suzano S.A.,Paper & Paper Products
SVC,Service Properties Trust,REIT - Hotel & Motel
SVCC,Stellar V Capital Corp.,Shell Companies
SVCO,"Silvaco Group, Inc.",Software - Application
SVII,Spring Valley Acquisition Corp. II,Shell Companies
SVM,Silvercorp Metals Inc.,Silver
SVRA,Savara Inc.,Biotechnology
SVRE,SaverOne 2014 Ltd.,Scientific & Technical Instruments
SVT,"Servotronics, Inc.",Aerospace & Defense
SVV,"Savers Value Village, Inc.",Specialty Retail
SW,Smurfit Westrock Plc,Packaging & Containers
SWAG,"Stran & Company, Inc.",Advertising Agencies
SWBI,"Smith & Wesson Brands, Inc.",Aerospace & Defense
SWIM,"Latham Group, Inc.",Building Products & Equipment
SWIN,Solowin Holdings,Capital Markets
SWK,"Stanley Black & Decker, Inc.",Tools & Accessories
SWKH,SWK Holdings Corporation,Asset Management
SWKS,"Skyworks Solutions, Inc.",Semiconductors
SWTX,"SpringWorks Therapeutics, Inc.",Biotechnology
SWVL,Swvl Holdings Corp.,Railroads
SWX,"Southwest Gas Holdings, Inc.",Utilities - Regulated Gas
SXC,"SunCoke Energy, Inc.",Coking Coal
SXI,Standex International Corporation,Specialty Industrial Machinery
SXT,Sensient Technologies Corporation,Specialty Chemicals
SXTC,"China SXT Pharmaceuticals, Inc.",Drug Manufacturers - Specialty & Generic
SXTP,"60 Degrees Pharmaceuticals, Inc.",Biotechnology
SY,So-Young International Inc.,Health Information Services
SYBT,"Stock Yards Bancorp, Inc.",Banks - Regional
SYBX,"Synlogic, Inc.",Biotechnology
SYF,Synchrony Financial,Credit Services
SYK,Stryker Corporation,Medical Devices
SYM,Symbotic Inc.,Specialty Industrial Machinery
SYNA,Synaptics Incorporated,Semiconductors
SYNX,Silynxcom Ltd.,Communication Equipment
SYPR,"Sypris Solutions, Inc.",Auto Parts
SYRE,"Spyre Therapeutics, Inc.",Biotechnology
SYTA,Siyata Mobile Inc.,Communication Equipment
SYY,Sysco Corporation,Food Distribution
SZZL,Sizzle Acquisition Corp. II,Shell Companies
T,AT&T Inc.,Telecom Services
TAC,TransAlta Corporation,Utilities - Independent Power Producers
TACH,Titan Acquisition Corp,Shell Companies
TACO,Berto Acquisition Corp.,Shell Companies
TACT,TransAct Technologies Incorporated,Computer Hardware
TAIT,Taitron Components Incorporated,Electronics & Computer Distribution
TAK,Takeda Pharmaceutical Company Limited,Drug Manufacturers - Specialty & Generic
TAL,TAL Education Group,Education & Training Services
TALK,"Talkspace, Inc.",Health Information Services
TALO,Talos Energy Inc.,Oil & Gas Exploration & Production
TANH,Tantech Holdings Ltd,Household & Personal Products
TAOP,Taoping Inc.,Software - Infrastructure
TAP,Molson Coors Beverage Company,Beverages - Brewers
TAP.A,Molson Coors Beverage Company,Beverages - Brewers
TARA,"Protara Therapeutics, Inc.",Biotechnology
TARS,"Tarsus Pharmaceuticals, Inc.",Biotechnology
TASK,"TaskUs, Inc.",Information Technology Services
TATT,TAT Technologies Ltd.,Aerospace & Defense
TAVI,Tavia Acquisition Corp.,Shell Companies
TAYD,"Taylor Devices, Inc.",Specialty Industrial Machinery
TBBB,BBB Foods Inc.,Discount Stores
TBBK,"The Bancorp, Inc.",Banks - Regional
TBCH,Turtle Beach Corporation,Consumer Electronics
TBH,"Brag House Holdings, Inc.",Electronic Gaming & Multimedia
TBI,"TrueBlue, Inc.",Staffing & Employment Services
TBLA,Taboola.com Ltd.,Internet Content & Information
TBLD,Thornburg Income Builder Opportunities Trust,Asset Management
TBMC,Trailblazer Merger Corporation I,Shell Companies
TBN,Tamboran Resources Corporation,Oil & Gas Exploration & Production
TBPH,"Theravance Biopharma, Inc.",Biotechnology
TBRG,"TruBridge, Inc.",Health Information Services
TC,Token Cat Limited,Advertising Agencies
TCBI,"Texas Capital Bancshares, Inc.",Banks - Regional
TCBK,TriCo Bancshares,Banks - Regional
TCBS,"Texas Community Bancshares, Inc.",Banks - Regional
TCBX,"Third Coast Bancshares, Inc.",Banks - Regional
TCI,"Transcontinental Realty Investors, Inc.",Real Estate Services
TCMD,"Tactile Systems Technology, Inc.",Medical Devices
TCOM,Trip.com Group Limited,Travel Services
TCPC,BlackRock TCP Capital Corp.,Asset Management
TCRT,"Alaunos Therapeutics, Inc.",Biotechnology
TCRX,"TScan Therapeutics, Inc.",Biotechnology
TCX,Tucows Inc.,Software - Infrastructure
TD,The Toronto-Dominion Bank,Banks - Diversified
TDAC,Translational Development Acquisition Corp.,Shell Companies
TDC,Teradata Corporation,Software - Infrastructure
TDG,TransDigm Group Incorporated,Aerospace & Defense
TDOC,"Teladoc Health, Inc.",Health Information Services
TDS,"Telephone and Data Systems, Inc.",Telecom Services
TDTH,Trident Digital Tech Holdings Ltd,Information Technology Services
TDUP,ThredUp Inc.,Internet Retail
TDW,Tidewater Inc.,Oil & Gas Equipment & Services
TDY,Teledyne Technologies Incorporated,Scientific & Technical Instruments
TE,T1 Energy Inc.,Electrical Equipment & Parts
TEAM,Atlassian Corporation,Software - Application
TECH,Bio-Techne Corporation,Biotechnology
TECK,Teck Resources Limited,Other Industrial Metals & Mining
TECX,"Tectonic Therapeutic, Inc.",Biotechnology
TEF,"Telefónica, S.A.",Telecom Services
TEL,TE Connectivity plc,Electronic Components
TELA,"TELA Bio, Inc.",Medical Devices
TELO,"Telomir Pharmaceuticals, Inc.",Biotechnology
TEM,"Tempus AI, Inc.",Health Information Services
TEN,Tsakos Energy Navigation Limited,Oil & Gas Midstream
TENB,"Tenable Holdings, Inc.",Software - Infrastructure
TENX,"Tenax Therapeutics, Inc.",Biotechnology
TEO,Telecom Argentina S.A.,Telecom Services
TER,"Teradyne, Inc.",Semiconductor Equipment & Materials
TERN,"Terns Pharmaceuticals, Inc.",Biotechnology
TEVA,Teva Pharmaceutical Industries Limited,Drug Manufacturers - Specialty & Generic
TEX,Terex Corporation,Farm & Heavy Construction Machinery
TFC,Truist Financial Corporation,Banks - Regional
TFII,TFI International Inc.,Trucking
TFIN,"Triumph Financial, Inc.",Banks - Regional
TFPM,Triple Flag Precious Metals Corp.,Other Precious Metals & Mining
TFSL,TFS Financial Corporation,Banks - Regional
TFX,Teleflex Incorporated,Medical Instruments & Supplies
TG,Tredegar Corporation,Metal Fabrication
TGB,Taseko Mines Limited,Copper
TGE,The Generation Essentials Group,Oil & Gas Midstream
TGEN,Tecogen Inc.,Electrical Equipment & Parts
TGI,"Triumph Group, Inc.",Aerospace & Defense
TGL,Treasure Global Inc.,Software - Application
TGLS,Tecnoglass Inc.,Building Materials
TGNA,TEGNA Inc.,Broadcasting
TGS,Transportadora de Gas del Sur S.A.,Oil & Gas Integrated
TGT,Target Corporation,Discount Stores
TGTX,"TG Therapeutics, Inc.",Biotechnology
TH,Target Hospitality Corp.,Specialty Business Services
THAR,"Tharimmune, Inc.",Biotechnology
THC,Tenet Healthcare Corporation,Medical Care Facilities
THCH,TH International Limited,Restaurants
THFF,First Financial Corporation,Banks - Regional
THG,"The Hanover Insurance Group, Inc.",Insurance - Property & Casualty
THM,International Tower Hill Mines Ltd.,Gold
THO,"THOR Industries, Inc.",Recreational Vehicles
THR,"Thermon Group Holdings, Inc.",Specialty Industrial Machinery
THRD,"Third Harmonic Bio, Inc.",Biotechnology
THRM,Gentherm Incorporated,Auto Parts
THRY,"Thryv Holdings, Inc.",Internet Content & Information
THS,"TreeHouse Foods, Inc.",Packaged Foods
THTX,Theratechnologies Inc.,Biotechnology
TIC,Acuren Corporation,Specialty Business Services
TIGO,Millicom International Cellular S.A.,Telecom Services
TIGR,UP Fintech Holding Limited,Capital Markets
TIL,"Instil Bio, Inc.",Biotechnology
TILE,"Interface, Inc.","Furnishings, Fixtures & Appliances"
TIMB,TIM S.A.,Telecom Services
TIPT,Tiptree Inc.,Insurance - Specialty
TIRX,Tian Ruixiang Holdings Ltd,Insurance Brokers
TISI,"Team, Inc.",Specialty Business Services
TITN,Titan Machinery Inc.,Industrial Distribution
TIVC,"Tivic Health Systems, Inc.",Medical Devices
TIXT,TELUS International (Cda) Inc.,Software - Infrastructure
TJX,"The TJX Companies, Inc.",Apparel Retail
TK,Teekay Corporation Ltd.,Oil & Gas Midstream
TKC,Turkcell Iletisim Hizmetleri A.S.,Telecom Services
TKLF,"Tokyo Lifestyle Co., Ltd.",Specialty Retail
TKNO,"Alpha Teknova, Inc.",Drug Manufacturers - Specialty & Generic
TKO,"TKO Group Holdings, Inc.",Entertainment
TKR,The Timken Company,Tools & Accessories
TLF,"Tandy Leather Factory, Inc.",Specialty Retail
TLK,Perusahaan Perseroan (Persero) PT Telekomunikasi Indonesia Tbk,Telecom Services
TLN,Talen Energy Corporation,Utilities - Independent Power Producers
TLPH,"Talphera, Inc.",Drug Manufacturers - Specialty & Generic
TLRY,"Tilray Brands, Inc.",Drug Manufacturers - Specialty & Generic
TLS,Telos Corporation,Software - Infrastructure
TLSA,Tiziana Life Sciences Ltd,Biotechnology
TLSI,"TriSalus Life Sciences, Inc.",Medical Devices
TLX,Telix Pharmaceuticals Limited,Biotechnology
TLYS,"Tilly's, Inc.",Apparel Retail
TM,Toyota Motor Corporation,Auto Manufacturers
TMC,TMC the metals company Inc.,Other Industrial Metals & Mining
TMCI,"Treace Medical Concepts, Inc.",Medical Devices
TMDE,TMD Energy Limited,Oil & Gas Refining & Marketing
TMDX,"TransMedics Group, Inc.",Medical Devices
TME,Tencent Music Entertainment Group,Internet Content & Information
TMHC,Taylor Morrison Home Corporation,Residential Construction
TMO,Thermo Fisher Scientific Inc.,Diagnostics & Research
TMP,Tompkins Financial Corporation,Banks - Regional
TMQ,Trilogy Metals Inc.,Other Industrial Metals & Mining
TMUS,"T-Mobile US, Inc.",Telecom Services
TNC,Tennant Company,Specialty Industrial Machinery
TNDM,"Tandem Diabetes Care, Inc.",Medical Devices
TNET,"TriNet Group, Inc.",Staffing & Employment Services
TNFA,"TNF Pharmaceuticals, Inc.",Biotechnology
TNGX,"Tango Therapeutics, Inc.",Biotechnology
TNK,Teekay Tankers Ltd.,Oil & Gas Midstream
TNL,Travel + Leisure Co.,Travel Services
TNMG,TNL Mediagene,Publishing
TNON,"Tenon Medical, Inc.",Medical Devices
TNXP,Tonix Pharmaceuticals Holding Corp.,Biotechnology
TNYA,"Tenaya Therapeutics, Inc.",Biotechnology
TOI,"The Oncology Institute, Inc.",Medical Care Facilities
TOL,"Toll Brothers, Inc.",Residential Construction
TOMZ,"TOMI Environmental Solutions, Inc.",Pollution & Treatment Controls
TOON,Kartoon Studios Inc.,Entertainment
TOP,TOP Financial Group Limited,Capital Markets
TOPP,Toppoint Holdings Inc.,Trucking
TOPS,Top Ships Inc.,Oil & Gas Midstream
TORO,Toro Corp.,Marine Shipping
TOST,"Toast, Inc.",Software - Infrastructure
TOUR,Tuniu Corporation,Travel Services
TOVX,"Theriva Biologics, Inc.",Biotechnology
TOWN,TowneBank,Banks - Regional
TOYO,"TOYO Co., Ltd.",Solar
TPB,"Turning Point Brands, Inc.",Tobacco
TPC,Tutor Perini Corporation,Engineering & Construction
TPCS,TechPrecision Corporation,Metal Fabrication
TPET,Trio Petroleum Corp.,Oil & Gas Exploration & Production
TPG,TPG Inc.,Asset Management
TPH,"Tri Pointe Homes, Inc.",Residential Construction
TPIC,"TPI Composites, Inc.",Specialty Industrial Machinery
TPL,Texas Pacific Land Corporation,Oil & Gas Exploration & Production
TPR,"Tapestry, Inc.",Luxury Goods
TPST,"Tempest Therapeutics, Inc.",Biotechnology
TPVG,TriplePoint Venture Growth BDC Corp.,Asset Management
TR,"Tootsie Roll Industries, Inc.",Confectioners
TRAK,"ReposiTrak, Inc.",Software - Application
TRAW,"Traws Pharma, Inc.",Biotechnology
TRC,Tejon Ranch Co.,Conglomerates
TRDA,"Entrada Therapeutics, Inc.",Biotechnology
TREE,"LendingTree, Inc.",Financial Conglomerates
TREX,"Trex Company, Inc.",Building Products & Equipment
TRGP,Targa Resources Corp.,Oil & Gas Midstream
TRI,Thomson Reuters Corporation,Specialty Business Services
TRIB,Trinity Biotech plc,Medical Devices
TRIN,Trinity Capital Inc.,Asset Management
TRIP,"Tripadvisor, Inc.",Travel Services
TRMB,Trimble Inc.,Scientific & Technical Instruments
TRMD,TORM plc,Oil & Gas Midstream
TRMK,Trustmark Corporation,Banks - Regional
TRML,"Tourmaline Bio, Inc.",Biotechnology
TRN,"Trinity Industries, Inc.",Railroads
TRNO,Terreno Realty Corporation,REIT - Industrial
TRNR,Interactive Strength Inc.,Personal Services
TRNS,"Transcat, Inc.",Specialty Business Services
TROO,"TROOPS, Inc.",Credit Services
TROW,"T. Rowe Price Group, Inc.",Asset Management
TROX,Tronox Holdings plc,Chemicals
TRP,TC Energy Corporation,Oil & Gas Midstream
TRS,TriMas Corporation,Packaging & Containers
TRSG,Tungray Technologies Inc.,Metal Fabrication
TRST,TrustCo Bank Corp NY,Banks - Regional
TRT,Trio-Tech International,Semiconductor Equipment & Materials
TRTX,"TPG RE Finance Trust, Inc.",REIT - Mortgage
TRU,TransUnion,Financial Data & Stock Exchanges
TRUE,"TrueCar, Inc.",Internet Content & Information
TRUG,"TruGolf Holdings, Inc.",Electronic Gaming & Multimedia
TRUP,"Trupanion, Inc.",Insurance - Property & Casualty
TRV,"The Travelers Companies, Inc.",Insurance - Property & Casualty
TRVG,trivago N.V.,Internet Content & Information
TRVI,"Trevi Therapeutics, Inc.",Biotechnology
TRX,TRX Gold Corporation,Gold
TS,Tenaris S.A.,Oil & Gas Equipment & Services
TSAT,Telesat Corporation,Communication Equipment
TSBK,"Timberland Bancorp, Inc.",Banks - Regional
TSBX,Turnstone Biologics Corp.,Biotechnology
TSCO,Tractor Supply Company,Specialty Retail
TSE,Trinseo PLC,Specialty Chemicals
TSEM,Tower Semiconductor Ltd.,Semiconductors
TSHA,"Taysha Gene Therapies, Inc.",Biotechnology
TSLA,"Tesla, Inc.",Auto Manufacturers
TSLX,"Sixth Street Specialty Lending, Inc.",Asset Management
TSM,Taiwan Semiconductor Manufacturing Company Limited,Semiconductors
TSN,"Tyson Foods, Inc.",Farm Products
TSQ,"Townsquare Media, Inc.",Advertising Agencies
TSSI,"TSS, Inc.",Information Technology Services
TT,Trane Technologies plc,Building Products & Equipment
TTAM,Titan America SA,Building Materials
TTAN,"ServiceTitan, Inc.",Software - Application
TTC,The Toro Company,Tools & Accessories
TTD,"The Trade Desk, Inc.",Advertising Agencies
TTE,TotalEnergies SE,Oil & Gas Integrated
TTEC,"TTEC Holdings, Inc.",Information Technology Services
TTEK,"Tetra Tech, Inc.",Engineering & Construction
TTGT,"TechTarget, Inc.",Information Technology Services
TTI,"TETRA Technologies, Inc.",Conglomerates
TTMI,"TTM Technologies, Inc.",Electronic Components
TTNP,"Titan Pharmaceuticals, Inc.",Biotechnology
TTSH,"Tile Shop Holdings, Inc.",Home Improvement Retail
TTWO,"Take-Two Interactive Software, Inc.",Electronic Gaming & Multimedia
TU,TELUS Corporation,Telecom Services
TURB,"Turbo Energy, S.A.",Solar
TURN,180 Degree Capital Corp.,Asset Management
TUSK,"Mammoth Energy Services, Inc.",Conglomerates
TUYA,Tuya Inc.,Software - Infrastructure
TV,"Grupo Televisa, S.A.B.",Telecom Services
TVA,Texas Ventures Acquisition III Corp,Shell Companies
TVAI,Thayer Ventures Acquisition Corporation II,Shell Companies
TVGN,Tevogen Bio Holdings Inc.,Biotechnology
TVRD,"Tvardi Therapeutics, Inc.",Biotechnology
TVTX,"Travere Therapeutics, Inc.",Biotechnology
TW,Tradeweb Markets Inc.,Capital Markets
TWFG,"TWFG, Inc.",Insurance Brokers
TWG,Top Wealth Group Holding Limited,Food Distribution
TWI,"Titan International, Inc.",Farm & Heavy Construction Machinery
TWIN,"Twin Disc, Incorporated",Specialty Industrial Machinery
TWLO,Twilio Inc.,Software - Infrastructure
TWNP,Twin Hospitality Group Inc.,Restaurants
TWO,Two Harbors Investment Corp.,REIT - Mortgage
TWST,Twist Bioscience Corporation,Diagnostics & Research
TX,Ternium S.A.,Steel
TXG,"10x Genomics, Inc.",Health Information Services
TXMD,"TherapeuticsMD, Inc.",Drug Manufacturers - Specialty & Generic
TXN,Texas Instruments Incorporated,Semiconductors
TXNM,"TXNM Energy, Inc.",Utilities - Regulated Electric
TXO,"TXO Partners, L.P.",Oil & Gas Exploration & Production
TXRH,"Texas Roadhouse, Inc.",Restaurants
TXT,Textron Inc.,Aerospace & Defense
TYG,Tortoise Energy Infrastructure Corporation,Asset Management
TYGO,"Tigo Energy, Inc.",Solar
TYL,"Tyler Technologies, Inc.",Software - Application
TYRA,"Tyra Biosciences, Inc.",Biotechnology
TZOO,Travelzoo,Internet Content & Information
TZUP,Thumzup Media Corporation,Advertising Agencies
U,Unity Software Inc.,Software - Application
UA,"Under Armour, Inc.",Apparel Manufacturing
UAA,"Under Armour, Inc.",Apparel Manufacturing
UAL,"United Airlines Holdings, Inc.",Airlines
UAMY,United States Antimony Corporation,Other Industrial Metals & Mining
UAN,"CVR Partners, LP",Agricultural Inputs
UAVS,"AgEagle Aerial Systems, Inc.",Computer Hardware
UBCP,"United Bancorp, Inc.",Banks - Regional
UBER,"Uber Technologies, Inc.",Software - Application
UBFO,United Security Bancshares,Banks - Regional
UBS,UBS Group AG,Banks - Diversified
UBSI,"United Bankshares, Inc.",Banks - Regional
UBX,"Unity Biotechnology, Inc.",Biotechnology
UBXG,U-BX Technology Ltd.,Software - Infrastructure
UCAR,U Power Limited,Auto & Truck Dealerships
UCB,"United Community Banks, Inc.",Banks - Regional
UCL,uCloudlink Group Inc.,Telecom Services
UCTT,"Ultra Clean Holdings, Inc.",Semiconductor Equipment & Materials
UDMY,"Udemy, Inc.",Education & Training Services
UDR,"UDR, Inc.",REIT - Residential
UE,Urban Edge Properties,REIT - Retail
UEC,Uranium Energy Corp.,Uranium
UEIC,,
UFCS,"United Fire Group, Inc.",Insurance - Property & Casualty
UFG,Uni-Fuels Holdings Limited,Marine Shipping
UFI,"Unifi, Inc.",Textile Manufacturing
UFPI,"UFP Industries, Inc.",Lumber & Wood Production
UFPT,"UFP Technologies, Inc.",Medical Devices
UG,"United-Guardian, Inc.",Household & Personal Products
UGI,UGI Corporation,Utilities - Regulated Gas
UGP,Ultrapar Participações S.A.,Oil & Gas Refining & Marketing
UGRO,"urban-gro, Inc.",Farm & Heavy Construction Machinery
UHAL,U-Haul Holding Company,Rental & Leasing Services
UHAL.B,U-Haul Holding Company,Rental & Leasing Services
UHG,"United Homes Group, Inc.",Residential Construction
UHS,"Universal Health Services, Inc.",Medical Care Facilities
UHT,Universal Health Realty Income Trust,REIT - Healthcare Facilities
UI,Ubiquiti Inc.,Communication Equipment
UIS,Unisys Corporation,Information Technology Services
UK,Ucommune International Ltd,Real Estate Services
UL,Unilever PLC,Household & Personal Products
ULBI,Ultralife Corporation,Electrical Equipment & Parts
ULCC,"Frontier Group Holdings, Inc.",Airlines
ULH,"Universal Logistics Holdings, Inc.",Trucking
ULS,UL Solutions Inc.,Specialty Business Services
ULTA,"Ulta Beauty, Inc.",Specialty Retail
ULY,Urgent.ly Inc.,Software - Application
UMAC,"Unusual Machines, Inc.",Computer Hardware
UMBF,UMB Financial Corporation,Banks - Regional
UMC,United Microelectronics Corporation,Semiconductors
UMH,"UMH Properties, Inc.",REIT - Residential
UNB,"Union Bankshares, Inc.",Banks - Regional
UNCY,"Unicycive Therapeutics, Inc.",Biotechnology
UNF,UniFirst Corporation,Specialty Business Services
UNFI,"United Natural Foods, Inc.",Food Distribution
UNH,UnitedHealth Group Incorporated,Healthcare Plans
UNIT,Uniti Group Inc.,REIT - Specialty
UNM,Unum Group,Insurance - Life
UNP,Union Pacific Corporation,Railroads
UNTY,"Unity Bancorp, Inc.",Banks - Regional
UOKA,MDJM Ltd,Lodging
UONE,"Urban One, Inc.",Broadcasting
UONEK,"Urban One, Inc.",Broadcasting
UP,Wheels Up Experience Inc.,Airports & Air Services
UPB,"Upstream Bio, Inc.",Biotechnology
UPBD,"Upbound Group, Inc.",Software - Application
UPC,Universe Pharmaceuticals INC,Drug Manufacturers - Specialty & Generic
UPLD,"Upland Software, Inc.",Software - Application
UPS,"United Parcel Service, Inc.",Integrated Freight & Logistics
UPST,"Upstart Holdings, Inc.",Credit Services
UPWK,Upwork Inc.,Internet Content & Information
UPXI,"Upexi, Inc.",Internet Content & Information
URBN,"Urban Outfitters, Inc.",Apparel Retail
URG,Ur-Energy Inc.,Uranium
URGN,UroGen Pharma Ltd.,Biotechnology
URI,"United Rentals, Inc.",Rental & Leasing Services
UROY,Uranium Royalty Corp.,Uranium
USAC,"USA Compression Partners, LP",Oil & Gas Equipment & Services
USAR,"USA Rare Earth, Inc.",Other Industrial Metals & Mining
USAS,Americas Gold and Silver Corporation,Other Industrial Metals & Mining
USAU,U.S. Gold Corp.,Gold
USB,U.S. Bancorp,Banks - Regional
USCB,"USCB Financial Holdings, Inc.",Banks - Regional
USEA,United Maritime Corporation,Marine Shipping
USEG,U.S. Energy Corp.,Oil & Gas Exploration & Production
USFD,US Foods Holding Corp.,Food Distribution
USGO,U.S. GoldMining Inc.,Other Industrial Metals & Mining
USIO,"Usio, Inc.",Software - Infrastructure
USLM,"United States Lime & Minerals, Inc.",Building Materials
USM,United States Cellular Corporation,Telecom Services
USNA,"USANA Health Sciences, Inc.",Packaged Foods
USPH,"U.S. Physical Therapy, Inc.",Medical Care Facilities
UTF,"Cohen & Steers Infrastructure Fund, Inc",Asset Management
UTHR,United Therapeutics Corporation,Drug Manufacturers - Specialty & Generic
UTI,"Universal Technical Institute, Inc.",Education & Training Services
UTL,Unitil Corporation,Utilities - Diversified
UTMD,"Utah Medical Products, Inc.",Medical Instruments & Supplies
UTSI,UTStarcom Holdings Corp.,Communication Equipment
UTZ,"Utz Brands, Inc.",Packaged Foods
UUU,"Universal Safety Products, Inc",Security & Protection Services
UUUU,Energy Fuels Inc.,Uranium
UVE,"Universal Insurance Holdings, Inc.",Insurance - Property & Casualty
UVSP,Univest Financial Corporation,Banks - Regional
UVV,Universal Corporation,Tobacco
UWMC,UWM Holdings Corporation,Mortgage Finance
UXIN,Uxin Limited,Auto & Truck Dealerships
UYSC,UY Scuti Acquisition Corp.,Shell Companies
V,Visa Inc.,Credit Services
VABK,Virginia National Bankshares Corporation,Banks - Regional
VAC,Marriott Vacations Worldwide Corporation,Resorts & Casinos
VACH,Voyager Acquisition Corp.,Shell Companies
VAL,Valaris Limited,Oil & Gas Equipment & Services
VALE,Vale S.A.,Other Industrial Metals & Mining
VALN,Valneva SE,Biotechnology
VALU,"Value Line, Inc.",Financial Data & Stock Exchanges
VANI,"Vivani Medical, Inc.",Biotechnology
VATE,INNOVATE Corp.,Engineering & Construction
VBIX,Viewbix Inc.,Internet Content & Information
VBNK,VersaBank,Banks - Regional
VBTX,"Veritex Holdings, Inc.",Banks - Regional
VC,Visteon Corporation,Auto Parts
VCEL,Vericel Corporation,Biotechnology
VCIC,Vine Hill Capital Investment Corp.,Shell Companies
VCIG,VCI Global Limited,Consulting Services
VCTR,"Victory Capital Holdings, Inc.",Asset Management
VCYT,"Veracyte, Inc.",Diagnostics & Research
VECO,Veeco Instruments Inc.,Semiconductor Equipment & Materials
VEEA,Veea Inc.,Information Technology Services
VEEE,Twin Vee Powercats Co.,Recreational Vehicles
VEEV,Veeva Systems Inc.,Health Information Services
VEL,"Velocity Financial, Inc.",Mortgage Finance
VENU,Venu Holding Corporation,Restaurants
VEON,VEON Ltd.,Telecom Services
VERA,"Vera Therapeutics, Inc.",Biotechnology
VERB,"Verb Technology Company, Inc.",Software - Application
VERI,"Veritone, Inc.",Software - Infrastructure
VERO,Venus Concept Inc.,Medical Devices
VERU,Veru Inc.,Biotechnology
VERV,"Verve Therapeutics, Inc.",Biotechnology
VERX,"Vertex, Inc.",Software - Application
VET,Vermilion Energy Inc.,Oil & Gas Exploration & Production
VFC,V.F. Corporation,Apparel Manufacturing
VFF,"Village Farms International, Inc.",Farm Products
VFS,VinFast Auto Ltd.,Auto Manufacturers
VG,"Venture Global, Inc.",Oil & Gas Midstream
VGAS,"Verde Clean Fuels, Inc.",Utilities - Renewable
VGZ,Vista Gold Corp.,Gold
VHC,VirnetX Holding Corporation,Software - Infrastructure
VHI,"Valhi, Inc.",Chemicals
VIAV,Viavi Solutions Inc.,Communication Equipment
VICI,VICI Properties Inc.,REIT - Diversified
VICR,Vicor Corporation,Electronic Components
VIGL,"Vigil Neuroscience, Inc.",Biotechnology
VIK,Viking Holdings Ltd,Travel Services
VINP,Vinci Partners Investments Ltd.,Asset Management
VIOT,"Viomi Technology Co., Ltd","Furnishings, Fixtures & Appliances"
VIPS,Vipshop Holdings Limited,Internet Retail
VIR,"Vir Biotechnology, Inc.",Biotechnology
VIRC,Virco Mfg. Corporation,"Furnishings, Fixtures & Appliances"
VIRT,"Virtu Financial, Inc.",Capital Markets
VIST,"Vista Energy, S.A.B. de C.V.",Oil & Gas Exploration & Production
VITL,"Vital Farms, Inc.",Farm Products
VIV,Telefônica Brasil S.A.,Telecom Services
VIVK,"Vivakor, Inc.",Oil & Gas Integrated
VIVS,"VivoSim Labs, Inc.",Biotechnology
VKTX,"Viking Therapeutics, Inc.",Biotechnology
VLCN,"Volcon, Inc.",Auto Manufacturers
VLGEA,"Village Super Market, Inc.",Grocery Stores
VLN,Valens Semiconductor Ltd.,Semiconductors
VLO,Valero Energy Corporation,Oil & Gas Refining & Marketing
VLRS,"Controladora Vuela Compañía de Aviación, S.A.B. de C.V.",Airlines
VLTO,Veralto Corporation,Pollution & Treatment Controls
VLY,Valley National Bancorp,Banks - Regional
VMAR,Vision Marine Technologies Inc.,Recreational Vehicles
VMC,Vulcan Materials Company,Building Materials
VMD,"Viemed Healthcare, Inc.",Medical Devices
VMEO,"Vimeo, Inc.",Software - Application
VMI,"Valmont Industries, Inc.",Conglomerates
VNCE,Vince Holding Corp.,Apparel Manufacturing
VNDA,Vanda Pharmaceuticals Inc.,Biotechnology
VNET,"VNET Group, Inc.",Information Technology Services
VNO,Vornado Realty Trust,REIT - Office
VNOM,"Viper Energy, Inc.",Oil & Gas Midstream
VNRX,VolitionRx Limited,Medical Devices
VNT,Vontier Corporation,Scientific & Technical Instruments
VOC,VOC Energy Trust,Oil & Gas Exploration & Production
VOD,Vodafone Group Public Limited Company,Telecom Services
VOR,Vor Biopharma Inc.,Biotechnology
VOXR,Vox Royalty Corp.,Other Precious Metals & Mining
VOYA,"Voya Financial, Inc.",Financial Conglomerates
VPG,"Vishay Precision Group, Inc.",Scientific & Technical Instruments
VRA,"Vera Bradley, Inc.",Footwear & Accessories
VRAR,"The Glimpse Group, Inc.",Software - Infrastructure
VRAX,Virax Biolabs Group Limited,Biotechnology
VRCA,Verrica Pharmaceuticals Inc.,Biotechnology
VRDN,"Viridian Therapeutics, Inc.",Biotechnology
VRE,"Veris Residential, Inc.",REIT - Residential
VREX,Varex Imaging Corporation,Medical Devices
VRME,"VerifyMe, Inc.",Security & Protection Services
VRNA,Verona Pharma plc,Biotechnology
VRNS,"Varonis Systems, Inc.",Software - Infrastructure
VRNT,Verint Systems Inc.,Software - Infrastructure
VRRM,Verra Mobility Corporation,Information Technology Services
VRSK,"Verisk Analytics, Inc.",Consulting Services
VRSN,"VeriSign, Inc.",Software - Infrastructure
VRT,Vertiv Holdings Co,Electrical Equipment & Parts
VRTS,"Virtus Investment Partners, Inc.",Asset Management
VRTX,Vertex Pharmaceuticals Incorporated,Biotechnology
VS,Versus Systems Inc.,Software - Application
VSA,TCTM Kids IT Education Inc.,Education & Training Services
VSAT,"Viasat, Inc.",Communication Equipment
VSCO,Victoria's Secret & Co.,Apparel Retail
VSEC,VSE Corporation,Aerospace & Defense
VSEE,"VSee Health, Inc.",Health Information Services
VSH,"Vishay Intertechnology, Inc.",Semiconductors
VSME,VS MEDIA Holdings Limited,Advertising Agencies
VST,Vistra Corp.,Utilities - Independent Power Producers
VSTA,Vasta Platform Limited,Education & Training Services
VSTM,"Verastem, Inc.",Biotechnology
VSTS,Vestis Corporation,Rental & Leasing Services
VTAK,"Catheter Precision, Inc.",Medical Devices
VTEX,VTEX,Software - Application
VTGN,"Vistagen Therapeutics, Inc.",Biotechnology
VTLE,"Vital Energy, Inc.",Oil & Gas Exploration & Production
VTMX,"Corporación Inmobiliaria Vesta, S.A.B. de C.V.",Real Estate - Development
VTOL,Bristow Group Inc.,Oil & Gas Equipment & Services
VTR,"Ventas, Inc.",REIT - Healthcare Facilities
VTRS,Viatris Inc.,Drug Manufacturers - Specialty & Generic
VTS,"Vitesse Energy, Inc.",Oil & Gas Exploration & Production
VTSI,"VirTra, Inc.",Software - Application
VTVT,vTv Therapeutics Inc.,Biotechnology
VTYX,"Ventyx Biosciences, Inc.",Biotechnology
VUZI,Vuzix Corporation,Consumer Electronics
VVOS,"Vivos Therapeutics, Inc.",Medical Devices
VVPR,VivoPower International PLC,Solar
VVV,Valvoline Inc.,Auto & Truck Dealerships
VVX,"V2X, Inc.",Aerospace & Defense
VXRT,"Vaxart, Inc.",Biotechnology
VYGR,"Voyager Therapeutics, Inc.",Biotechnology
VYNE,VYNE Therapeutics Inc.,Biotechnology
VYX,NCR Voyix Corporation,Information Technology Services
VZ,Verizon Communications Inc.,Telecom Services
VZLA,Vizsla Silver Corp.,Other Industrial Metals & Mining
W,Wayfair Inc.,Internet Retail
WAB,Westinghouse Air Brake Technologies Corporation,Railroads
WABC,Westamerica Bancorporation,Banks - Regional
WAFD,"WaFd, Inc.",Banks - Regional
WAFU,Wah Fu Education Group Limited,Education & Training Services
WAI,Top KingWin Ltd,Capital Markets
WAL,Western Alliance Bancorporation,Banks - Regional
WALD,Waldencast plc,Shell Companies
WASH,"Washington Trust Bancorp, Inc.",Banks - Regional
WAT,Waters Corporation,Diagnostics & Research
WATT,Energous Corporation,Scientific & Technical Instruments
WAVE,Eco Wave Power Global AB (publ),Utilities - Renewable
WAY,Waystar Holding Corp.,Health Information Services
WB,Weibo Corporation,Internet Content & Information
WBA,"Walgreens Boots Alliance, Inc.",Pharmaceutical Retailers
WBD,"Warner Bros. Discovery, Inc.",Entertainment
WBS,Webster Financial Corporation,Banks - Regional
WBTN,WEBTOON Entertainment Inc.,Internet Content & Information
WBUY,Webuy Global Ltd,Internet Retail
WBX,Wallbox N.V.,Electronic Components
WCC,"WESCO International, Inc.",Industrial Distribution
WCN,"Waste Connections, Inc.",Waste Management
WCT,Wellchange Holdings Company Limited,Software - Application
WD,"Walker & Dunlop, Inc.",Mortgage Finance
WDAY,"Workday, Inc.",Software - Application
WDC,Western Digital Corporation,Computer Hardware
WDFC,WD-40 Company,Specialty Chemicals
WDH,Waterdrop Inc.,Insurance - Diversified
WDS,Woodside Energy Group Ltd,Oil & Gas Exploration & Production
WEAV,"Weave Communications, Inc.",Health Information Services
WEC,"WEC Energy Group, Inc.",Utilities - Regulated Electric
WELL,Welltower Inc.,REIT - Healthcare Facilities
WEN,The Wendy's Company,Restaurants
WENN,Wen Acquisition Corp,Shell Companies
WERN,"Werner Enterprises, Inc.",Trucking
WES,"Western Midstream Partners, LP",Oil & Gas Midstream
WEST,Westrock Coffee Company,Packaged Foods
WETH,Wetouch Technology Inc.,Real Estate Services
WETO,Webus International Limited,Software - Application
WEX,WEX Inc.,Software - Infrastructure
WEYS,"Weyco Group, Inc.",Footwear & Accessories
WF,Woori Financial Group Inc.,Banks - Regional
WFC,Wells Fargo & Company,Banks - Diversified
WFCF,"Where Food Comes From, Inc.",Specialty Business Services
WFF,WF Holding Limited,Specialty Industrial Machinery
WFG,West Fraser Timber Co. Ltd.,Lumber & Wood Production
WFRD,Weatherford International plc,Oil & Gas Equipment & Services
WGO,"Winnebago Industries, Inc.",Recreational Vehicles
WGRX,"Wellgistics Health, Inc.",Pharmaceutical Retailers
WGS,GeneDx Holdings Corp.,Diagnostics & Research
WH,"Wyndham Hotels & Resorts, Inc.",Lodging
WHD,"Cactus, Inc.",Oil & Gas Equipment & Services
WHF,"WhiteHorse Finance, Inc.",Asset Management
WHG,"Westwood Holdings Group, Inc.",Asset Management
WHLR,"Wheeler Real Estate Investment Trust, Inc.",REIT - Retail
WHR,Whirlpool Corporation,"Furnishings, Fixtures & Appliances"
WHWK,"Whitehawk Therapeutics, Inc.",Biotechnology
WILC,G. Willi-Food International Ltd.,Food Distribution
WINA,Winmark Corporation,Specialty Retail
WING,Wingstop Inc.,Restaurants
WINT,"Windtree Therapeutics, Inc.",Biotechnology
WIT,Wipro Limited,Information Technology Services
WIX,Wix.com Ltd.,Software - Infrastructure
WK,Workiva Inc.,Software - Application
WKC,World Kinect Corporation,Oil & Gas Refining & Marketing
WKEY,WISeKey International Holding AG,Semiconductors
WKHS,Workhorse Group Inc.,Auto Manufacturers
WKSP,Worksport Ltd.,Auto Parts
WLAC,Willow Lane Acquisition Corp.,Shell Companies
WLDN,"Willdan Group, Inc.",Engineering & Construction
WLDS,Wearable Devices Ltd.,Consumer Electronics
WLFC,Willis Lease Finance Corporation,Rental & Leasing Services
WLGS,"WANG & LEE GROUP, Inc.",Engineering & Construction
WLK,Westlake Corporation,Specialty Chemicals
WLKP,Westlake Chemical Partners LP,Chemicals
WLY,"John Wiley & Sons, Inc.",Publishing
WLYB,"John Wiley & Sons, Inc.",Publishing
WM,"Waste Management, Inc.",Waste Management
WMB,"The Williams Companies, Inc.",Oil & Gas Midstream
WMG,Warner Music Group Corp.,Entertainment
WMK,"Weis Markets, Inc.",Grocery Stores
WMS,"Advanced Drainage Systems, Inc.",Building Products & Equipment
WMT,Walmart Inc.,Discount Stores
WNC,Wabash National Corporation,Farm & Heavy Construction Machinery
WNEB,"Western New England Bancorp, Inc.",Banks - Regional
WNS,WNS (Holdings) Limited,Information Technology Services
WNW,Meiwu Technology Company Limited,Internet Retail
WOK,WORK Medical Technology Group LTD,Medical Devices
WOLF,"Wolfspeed, Inc.",Semiconductors
WOOF,"Petco Health and Wellness Company, Inc.",Specialty Retail
WOR,"Worthington Enterprises, Inc.",Metal Fabrication
WORX,SCWorx Corp.,Health Information Services
WOW,"WideOpenWest, Inc.",Telecom Services
WPC,W. P. Carey Inc.,REIT - Diversified
WPM,Wheaton Precious Metals Corp.,Gold
WPP,WPP plc,Advertising Agencies
WPRT,Westport Fuel Systems Inc.,Auto Parts
WRAP,"Wrap Technologies, Inc.",Scientific & Technical Instruments
WRB,W. R. Berkley Corporation,Insurance - Property & Casualty
WRBY,Warby Parker Inc.,Medical Instruments & Supplies
WRD,WeRide Inc.,Software - Application
WRLD,World Acceptance Corporation,Credit Services
WRN,Western Copper and Gold Corporation,Other Industrial Metals & Mining
WS,"Worthington Steel, Inc.",Steel
WSBC,"WesBanco, Inc.",Banks - Regional
WSBF,"Waterstone Financial, Inc.",Banks - Regional
WSBK,"Winchester Bancorp, Inc.",Banks - Regional
WSC,WillScot Holdings Corporation,Rental & Leasing Services
WSFS,WSFS Financial Corporation,Banks - Regional
WSM,"Williams-Sonoma, Inc.",Specialty Retail
WSO,"Watsco, Inc.",Industrial Distribution
WSO.B,"Watsco, Inc.",Industrial Distribution
WSR,Whitestone REIT,REIT - Retail
WST,"West Pharmaceutical Services, Inc.",Medical Instruments & Supplies
WT,"WisdomTree, Inc.",Asset Management
WTBA,"West Bancorporation, Inc.",Banks - Regional
WTF,Waton Financial Limited,Capital Markets
WTFC,Wintrust Financial Corporation,Banks - Regional
WTG,Wintergreen Acquisition Corp.,Shell Companies
WTI,"W&T Offshore, Inc.",Oil & Gas Exploration & Production
WTM,"White Mountains Insurance Group, Ltd.",Insurance - Property & Casualty
WTO,UTime Limited,Consumer Electronics
WTRG,"Essential Utilities, Inc.",Utilities - Regulated Water
WTS,"Watts Water Technologies, Inc.",Specialty Industrial Machinery
WTTR,"Select Water Solutions, Inc.",Oil & Gas Equipment & Services
WTW,Willis Towers Watson Public Limited Company,Insurance Brokers
WU,The Western Union Company,Credit Services
WULF,TeraWulf Inc.,Capital Markets
WVE,Wave Life Sciences Ltd.,Biotechnology
WVVI,"Willamette Valley Vineyards, Inc.",Beverages - Wineries & Distilleries
WWD,"Woodward, Inc.",Aerospace & Defense
WWR,"Westwater Resources, Inc.",Other Industrial Metals & Mining
WWW,"Wolverine World Wide, Inc.",Footwear & Accessories
WXM,WF International Limited,Building Products & Equipment
WY,Weyerhaeuser Company,REIT - Specialty
WYHG,Wing Yip Food Holdings Group Limited,Packaged Foods
WYNN,"Wynn Resorts, Limited",Resorts & Casinos
WYY,WidePoint Corporation,Information Technology Services
X,United States Steel Corporation,Steel
XAGE,"Longevity Health Holdings, Inc.",Household & Personal Products
XAIR,"Beyond Air, Inc.",Medical Devices
XBIO,"Xenetic Biosciences, Inc.",Biotechnology
XBIT,XBiotech Inc.,Biotechnology
XBP,"XBP Europe Holdings, Inc.",Software - Infrastructure
XCH,XCHG Limited,Specialty Industrial Machinery
XCUR,"Exicure, Inc.",Biotechnology
XEL,Xcel Energy Inc.,Utilities - Regulated Electric
XELB,"Xcel Brands, Inc.",Apparel Manufacturing
XENE,Xenon Pharmaceuticals Inc.,Biotechnology
XERS,"Xeris Biopharma Holdings, Inc.",Biotechnology
XFOR,"X4 Pharmaceuticals, Inc.",Biotechnology
XGN,Exagen Inc.,Diagnostics & Research
XHG,XChange TEC.INC,Insurance Brokers
XHLD,"TEN Holdings, Inc.",Broadcasting
XHR,"Xenia Hotels & Resorts, Inc.",REIT - Hotel & Motel
XIFR,"XPLR Infrastructure, LP",Utilities - Renewable
XIN,"Xinyuan Real Estate Co., Ltd.",Real Estate - Development
XLO,"Xilio Therapeutics, Inc.",Biotechnology
XMTR,"Xometry, Inc.",Specialty Industrial Machinery
XNCR,"Xencor, Inc.",Biotechnology
XNET,Xunlei Limited,Software - Infrastructure
XOM,Exxon Mobil Corporation,Oil & Gas Integrated
XOMA,XOMA Royalty Corporation,Biotechnology
XOS,"Xos, Inc.",Farm & Heavy Construction Machinery
XP,XP Inc.,Capital Markets
XPEL,"XPEL, Inc.",Auto Parts
XPER,Xperi Inc.,Software - Application
XPEV,XPeng Inc.,Auto Manufacturers
XPL,Solitario Resources Corp.,Other Industrial Metals & Mining
XPO,"XPO, Inc.",Trucking
XPOF,"Xponential Fitness, Inc.",Leisure
XPON,Expion360 Inc.,Electrical Equipment & Parts
XPRO,Expro Group Holdings N.V.,Oil & Gas Equipment & Services
XRAY,DENTSPLY SIRONA Inc.,Medical Instruments & Supplies
XRTX,XORTX Therapeutics Inc.,Biotechnology
XRX,Xerox Holdings Corporation,Information Technology Services
XTIA,"XTI Aerospace, Inc.",Aerospace & Defense
XTKG,"X3 Holdings Co., Ltd.",Software - Application
XTLB,XTL Biopharmaceuticals Ltd.,Biotechnology
XTNT,"Xtant Medical Holdings, Inc.",Medical Devices
XWEL,"XWELL, Inc.",Diagnostics & Research
XXII,"22nd Century Group, Inc.",Tobacco
XYF,X Financial,Credit Services
XYL,Xylem Inc.,Specialty Industrial Machinery
XYLO,Xylo Technologies Ltd,Medical Devices
XYZ,"Block, Inc.",Software - Infrastructure
YAAS,Youxin Technology Ltd,Software - Application
YALA,Yalla Group Limited,Software - Application
YB,Yuanbao Inc.,Insurance - Diversified
YCBD,"cbdMD, Inc.",Drug Manufacturers - Specialty & Generic
YELP,Yelp Inc.,Internet Content & Information
YETI,"YETI Holdings, Inc.",Leisure
YEXT,"Yext, Inc.",Software - Infrastructure
YGMZ,MingZhu Logistics Holdings Limited,Trucking
YHC,LQR House Inc.,Beverages - Wineries & Distilleries
YHGJ,Yunhong Green CTI Ltd.,Packaging & Containers
YHNA,YHN Acquisition I Limited,Shell Companies
YI,"111, Inc.",Medical Distribution
YIBO,Planet Image International Limited,Computer Hardware
YJ,Yunji Inc.,Internet Retail
YMAB,"Y-mAbs Therapeutics, Inc.",Biotechnology
YMM,Full Truck Alliance Co. Ltd.,Software - Application
YORW,The York Water Company,Utilities - Regulated Water
YOSH,Yoshiharu Global Co.,Restaurants
YOU,"Clear Secure, Inc.",Software - Application
YPF,YPF Sociedad Anónima,Oil & Gas Integrated
YQ,17 Education & Technology Group Inc.,Education & Training Services
YRD,Yiren Digital Ltd.,Credit Services
YSG,Yatsen Holding Limited,Household & Personal Products
YSXT,"YSX Tech. Co., Ltd",Specialty Business Services
YTRA,"Yatra Online, Inc.",Travel Services
YUM,"Yum! Brands, Inc.",Restaurants
YUMC,"Yum China Holdings, Inc.",Restaurants
YXT,YXT.COM Group Holding Limited,Software - Application
YYAI,Connexa Sports Technologies Inc.,Leisure
YYGH,YY Group Holding Limited,Personal Services
Z,"Zillow Group, Inc.",Internet Content & Information
ZBAI,ATIF Holdings Limited,Capital Markets
ZBAO,Zhibao Technology Inc.,Insurance Brokers
ZBH,"Zimmer Biomet Holdings, Inc.",Medical Devices
ZBIO,"Zenas BioPharma, Inc.",Biotechnology
ZBRA,Zebra Technologies Corporation,Communication Equipment
ZCMD,Zhongchao Inc.,Health Information Services
ZD,"Ziff Davis, Inc.",Advertising Agencies
ZDAI,Primega Group Holdings Limited,Engineering & Construction
ZDGE,"Zedge, Inc.",Internet Content & Information
ZENA,"ZenaTech, Inc.",Software - Infrastructure
ZENV,Zenvia Inc.,Software - Application
ZEO,Zeo Energy Corp.,Solar
ZEPP,Zepp Health Corporation,Consumer Electronics
ZETA,Zeta Global Holdings Corp.,Software - Infrastructure
ZEUS,"Olympic Steel, Inc.",Steel
ZG,"Zillow Group, Inc.",Internet Content & Information
ZGN,Ermenegildo Zegna N.V.,Apparel Manufacturing
ZH,Zhihu Inc.,Internet Content & Information
ZIM,ZIM Integrated Shipping Services Ltd.,Marine Shipping
ZIMV,ZimVie Inc.,Medical Devices
ZION,"Zions Bancorporation, National Association",Banks - Regional
ZIP,"ZipRecruiter, Inc.",Staffing & Employment Services
ZJK,"ZJK Industrial Co., Ltd.",Specialty Industrial Machinery
ZJYL,Jin Medical International Ltd.,Medical Instruments & Supplies
ZK,ZEEKR Intelligent Technology Holding Limited,Auto Manufacturers
ZKH,ZKH Group Limited,Internet Retail
ZKIN,"ZK International Group Co., Ltd.",Steel
ZLAB,Zai Lab Limited,Biotechnology
ZM,Zoom Communications Inc.,Software - Application
ZNTL,"Zentalis Pharmaceuticals, Inc.",Biotechnology
ZONE,"CleanCore Solutions, Inc.",Pollution & Treatment Controls
ZOOZ,ZOOZ Power Ltd.,Specialty Retail
ZS,"Zscaler, Inc.",Software - Infrastructure
ZSPC,"zSpace, Inc.",Computer Hardware
ZTEK,Zentek Ltd.,Medical Instruments & Supplies
ZTO,ZTO Express (Cayman) Inc.,Integrated Freight & Logistics
ZTS,Zoetis Inc.,Drug Manufacturers - Specialty & Generic
ZUMZ,Zumiez Inc.,Apparel Retail
ZURA,Zura Bio Limited,Biotechnology
ZVIA,Zevia PBC,Beverages - Non-Alcoholic
ZVRA,"Zevra Therapeutics, Inc.",Biotechnology
ZVSA,"ZyVersa Therapeutics, Inc.",Biotechnology
ZWS,Zurn Elkay Water Solutions Corporation,Pollution & Treatment Controls
ZYBT,Zhengye Biotechnology Holding Limited,Drug Manufacturers - Specialty & Generic
ZYME,Zymeworks Inc.,Biotechnology
ZYXI,"Zynex, Inc.",Medical Distribution